nohup: ignoring input
    Finished `release` profile [optimized] target(s) in 0.00s
     Running `target/release/rust_sha1_cracker`
[*] GPU SHA-1 brute-force starting…
    charset size=62 | pwd_len range=[8..=10]
    grid=512 blocks x 256 threads | single launch per length

[*] Trying length 8 | search space=2.18340105584896e14
    ... ~0.0% done | elapsed: 30s
    ... ~0.1% done | elapsed: 60s
    ... ~0.1% done | elapsed: 90s
    ... ~0.1% done | elapsed: 120s
    ... ~0.1% done | elapsed: 150s
    ... ~0.2% done | elapsed: 180s
    ... ~0.2% done | elapsed: 210s
    ... ~0.2% done | elapsed: 240s
    ... ~0.2% done | elapsed: 270s
    ... ~0.3% done | elapsed: 300s
    ... ~0.3% done | elapsed: 330s
    ... ~0.3% done | elapsed: 360s
    ... ~0.3% done | elapsed: 390s
    ... ~0.4% done | elapsed: 420s
    ... ~0.4% done | elapsed: 450s
    ... ~0.4% done | elapsed: 480s
    ... ~0.4% done | elapsed: 510s
    ... ~0.5% done | elapsed: 540s
    ... ~0.5% done | elapsed: 570s
    ... ~0.5% done | elapsed: 600s
    ... ~0.5% done | elapsed: 630s
    ... ~0.6% done | elapsed: 660s
    ... ~0.6% done | elapsed: 690s
    ... ~0.6% done | elapsed: 720s
    ... ~0.6% done | elapsed: 750s
    ... ~0.7% done | elapsed: 780s
    ... ~0.7% done | elapsed: 810s
    ... ~0.7% done | elapsed: 840s
    ... ~0.7% done | elapsed: 870s
    ... ~0.8% done | elapsed: 900s
    ... ~0.8% done | elapsed: 930s
    ... ~0.8% done | elapsed: 960s
    ... ~0.8% done | elapsed: 990s
    ... ~0.9% done | elapsed: 1020s
    ... ~0.9% done | elapsed: 1050s
    ... ~0.9% done | elapsed: 1080s
    ... ~0.9% done | elapsed: 1110s
    ... ~1.0% done | elapsed: 1140s
    ... ~1.0% done | elapsed: 1170s
    ... ~1.0% done | elapsed: 1200s
    ... ~1.0% done | elapsed: 1230s
    ... ~1.1% done | elapsed: 1260s
    ... ~1.1% done | elapsed: 1290s
    ... ~1.1% done | elapsed: 1320s
    ... ~1.1% done | elapsed: 1350s
    ... ~1.2% done | elapsed: 1380s
    ... ~1.2% done | elapsed: 1410s
    ... ~1.2% done | elapsed: 1440s
    ... ~1.2% done | elapsed: 1470s
    ... ~1.3% done | elapsed: 1500s
    ... ~1.3% done | elapsed: 1530s
    ... ~1.3% done | elapsed: 1560s
    ... ~1.3% done | elapsed: 1590s
    ... ~1.4% done | elapsed: 1620s
    ... ~1.4% done | elapsed: 1650s
    ... ~1.4% done | elapsed: 1680s
    ... ~1.4% done | elapsed: 1710s
    ... ~1.5% done | elapsed: 1740s
    ... ~1.5% done | elapsed: 1770s
    ... ~1.5% done | elapsed: 1800s
    ... ~1.5% done | elapsed: 1830s
    ... ~1.6% done | elapsed: 1860s
    ... ~1.6% done | elapsed: 1890s
    ... ~1.6% done | elapsed: 1920s
    ... ~1.6% done | elapsed: 1950s
    ... ~1.7% done | elapsed: 1980s
    ... ~1.7% done | elapsed: 2010s
    ... ~1.7% done | elapsed: 2040s
    ... ~1.7% done | elapsed: 2070s
    ... ~1.8% done | elapsed: 2100s
    ... ~1.8% done | elapsed: 2130s
    ... ~1.8% done | elapsed: 2160s
    ... ~1.8% done | elapsed: 2190s
    ... ~1.9% done | elapsed: 2220s
    ... ~1.9% done | elapsed: 2250s
    ... ~1.9% done | elapsed: 2280s
    ... ~1.9% done | elapsed: 2310s
    ... ~2.0% done | elapsed: 2340s
    ... ~2.0% done | elapsed: 2370s
    ... ~2.0% done | elapsed: 2400s
    ... ~2.0% done | elapsed: 2430s
    ... ~2.1% done | elapsed: 2460s
    ... ~2.1% done | elapsed: 2490s
    ... ~2.1% done | elapsed: 2520s
    ... ~2.1% done | elapsed: 2550s
    ... ~2.2% done | elapsed: 2580s
    ... ~2.2% done | elapsed: 2610s
    ... ~2.2% done | elapsed: 2640s
    ... ~2.2% done | elapsed: 2670s
    ... ~2.3% done | elapsed: 2700s
    ... ~2.3% done | elapsed: 2730s
    ... ~2.3% done | elapsed: 2760s
    ... ~2.3% done | elapsed: 2790s
    ... ~2.4% done | elapsed: 2820s
    ... ~2.4% done | elapsed: 2850s
    ... ~2.4% done | elapsed: 2880s
    ... ~2.4% done | elapsed: 2910s
    ... ~2.5% done | elapsed: 2940s
    ... ~2.5% done | elapsed: 2970s
    ... ~2.5% done | elapsed: 3000s
    ... ~2.5% done | elapsed: 3030s
    ... ~2.6% done | elapsed: 3060s
    ... ~2.6% done | elapsed: 3090s
    ... ~2.6% done | elapsed: 3120s
    ... ~2.6% done | elapsed: 3150s
    ... ~2.7% done | elapsed: 3180s
    ... ~2.7% done | elapsed: 3210s
    ... ~2.7% done | elapsed: 3240s
    ... ~2.7% done | elapsed: 3270s
    ... ~2.8% done | elapsed: 3300s
    ... ~2.8% done | elapsed: 3330s
    ... ~2.8% done | elapsed: 3360s
    ... ~2.8% done | elapsed: 3390s
    ... ~2.9% done | elapsed: 3420s
    ... ~2.9% done | elapsed: 3450s
    ... ~2.9% done | elapsed: 3480s
    ... ~2.9% done | elapsed: 3510s
    ... ~3.0% done | elapsed: 3540s
    ... ~3.0% done | elapsed: 3570s
    ... ~3.0% done | elapsed: 3600s
    ... ~3.0% done | elapsed: 3630s
    ... ~3.1% done | elapsed: 3660s
    ... ~3.1% done | elapsed: 3690s
    ... ~3.1% done | elapsed: 3720s
    ... ~3.1% done | elapsed: 3750s
    ... ~3.2% done | elapsed: 3780s
    ... ~3.2% done | elapsed: 3810s
    ... ~3.2% done | elapsed: 3840s
    ... ~3.2% done | elapsed: 3870s
    ... ~3.3% done | elapsed: 3900s
    ... ~3.3% done | elapsed: 3930s
    ... ~3.3% done | elapsed: 3960s
    ... ~3.3% done | elapsed: 3990s
    ... ~3.4% done | elapsed: 4020s
    ... ~3.4% done | elapsed: 4050s
    ... ~3.4% done | elapsed: 4080s
    ... ~3.4% done | elapsed: 4110s
    ... ~3.5% done | elapsed: 4140s
    ... ~3.5% done | elapsed: 4170s
    ... ~3.5% done | elapsed: 4200s
    ... ~3.5% done | elapsed: 4230s
    ... ~3.6% done | elapsed: 4260s
    ... ~3.6% done | elapsed: 4290s
    ... ~3.6% done | elapsed: 4320s
    ... ~3.6% done | elapsed: 4350s
    ... ~3.7% done | elapsed: 4380s
    ... ~3.7% done | elapsed: 4410s
    ... ~3.7% done | elapsed: 4440s
    ... ~3.7% done | elapsed: 4470s
    ... ~3.8% done | elapsed: 4500s
    ... ~3.8% done | elapsed: 4530s
    ... ~3.8% done | elapsed: 4560s
    ... ~3.8% done | elapsed: 4590s
    ... ~3.9% done | elapsed: 4620s
    ... ~3.9% done | elapsed: 4650s
    ... ~3.9% done | elapsed: 4680s
    ... ~3.9% done | elapsed: 4710s
    ... ~4.0% done | elapsed: 4740s
    ... ~4.0% done | elapsed: 4770s
    ... ~4.0% done | elapsed: 4800s
    ... ~4.0% done | elapsed: 4830s
    ... ~4.1% done | elapsed: 4860s
    ... ~4.1% done | elapsed: 4890s
    ... ~4.1% done | elapsed: 4920s
    ... ~4.1% done | elapsed: 4950s
    ... ~4.2% done | elapsed: 4980s
    ... ~4.2% done | elapsed: 5010s
    ... ~4.2% done | elapsed: 5040s
    ... ~4.2% done | elapsed: 5070s
    ... ~4.3% done | elapsed: 5100s
    ... ~4.3% done | elapsed: 5130s
    ... ~4.3% done | elapsed: 5160s
    ... ~4.4% done | elapsed: 5190s
    ... ~4.4% done | elapsed: 5220s
    ... ~4.4% done | elapsed: 5250s
    ... ~4.4% done | elapsed: 5280s
    ... ~4.5% done | elapsed: 5310s
    ... ~4.5% done | elapsed: 5340s
    ... ~4.5% done | elapsed: 5370s
    ... ~4.5% done | elapsed: 5400s
    ... ~4.6% done | elapsed: 5430s
    ... ~4.6% done | elapsed: 5460s
    ... ~4.6% done | elapsed: 5490s
    ... ~4.6% done | elapsed: 5520s
    ... ~4.7% done | elapsed: 5550s
    ... ~4.7% done | elapsed: 5580s
    ... ~4.7% done | elapsed: 5610s
    ... ~4.7% done | elapsed: 5640s
    ... ~4.8% done | elapsed: 5670s
    ... ~4.8% done | elapsed: 5700s
    ... ~4.8% done | elapsed: 5730s
    ... ~4.8% done | elapsed: 5760s
    ... ~4.9% done | elapsed: 5790s
    ... ~4.9% done | elapsed: 5820s
    ... ~4.9% done | elapsed: 5850s
    ... ~4.9% done | elapsed: 5880s
    ... ~5.0% done | elapsed: 5910s
    ... ~5.0% done | elapsed: 5940s
    ... ~5.0% done | elapsed: 5970s
    ... ~5.0% done | elapsed: 6000s
    ... ~5.1% done | elapsed: 6030s
    ... ~5.1% done | elapsed: 6060s
    ... ~5.1% done | elapsed: 6090s
    ... ~5.1% done | elapsed: 6120s
    ... ~5.2% done | elapsed: 6150s
    ... ~5.2% done | elapsed: 6180s
    ... ~5.2% done | elapsed: 6210s
    ... ~5.2% done | elapsed: 6240s
    ... ~5.3% done | elapsed: 6270s
    ... ~5.3% done | elapsed: 6300s
    ... ~5.3% done | elapsed: 6330s
    ... ~5.3% done | elapsed: 6360s
    ... ~5.4% done | elapsed: 6390s
    ... ~5.4% done | elapsed: 6420s
    ... ~5.4% done | elapsed: 6450s
    ... ~5.4% done | elapsed: 6480s
    ... ~5.5% done | elapsed: 6510s
    ... ~5.5% done | elapsed: 6540s
    ... ~5.5% done | elapsed: 6570s
    ... ~5.5% done | elapsed: 6600s
    ... ~5.6% done | elapsed: 6630s
    ... ~5.6% done | elapsed: 6660s
    ... ~5.6% done | elapsed: 6690s
    ... ~5.6% done | elapsed: 6720s
    ... ~5.7% done | elapsed: 6750s
    ... ~5.7% done | elapsed: 6780s
    ... ~5.7% done | elapsed: 6810s
    ... ~5.7% done | elapsed: 6840s
    ... ~5.8% done | elapsed: 6870s
    ... ~5.8% done | elapsed: 6900s
    ... ~5.8% done | elapsed: 6930s
    ... ~5.8% done | elapsed: 6960s
    ... ~5.9% done | elapsed: 6990s
    ... ~5.9% done | elapsed: 7020s
    ... ~5.9% done | elapsed: 7050s
    ... ~5.9% done | elapsed: 7080s
    ... ~6.0% done | elapsed: 7110s
    ... ~6.0% done | elapsed: 7140s
    ... ~6.0% done | elapsed: 7170s
    ... ~6.0% done | elapsed: 7200s
    ... ~6.1% done | elapsed: 7230s
    ... ~6.1% done | elapsed: 7260s
    ... ~6.1% done | elapsed: 7290s
    ... ~6.1% done | elapsed: 7320s
    ... ~6.2% done | elapsed: 7350s
    ... ~6.2% done | elapsed: 7380s
    ... ~6.2% done | elapsed: 7410s
    ... ~6.2% done | elapsed: 7440s
    ... ~6.3% done | elapsed: 7470s
    ... ~6.3% done | elapsed: 7500s
    ... ~6.3% done | elapsed: 7530s
    ... ~6.3% done | elapsed: 7560s
    ... ~6.4% done | elapsed: 7590s
    ... ~6.4% done | elapsed: 7620s
    ... ~6.4% done | elapsed: 7650s
    ... ~6.4% done | elapsed: 7680s
    ... ~6.5% done | elapsed: 7710s
    ... ~6.5% done | elapsed: 7740s
    ... ~6.5% done | elapsed: 7770s
    ... ~6.5% done | elapsed: 7800s
    ... ~6.6% done | elapsed: 7830s
    ... ~6.6% done | elapsed: 7860s
    ... ~6.6% done | elapsed: 7890s
    ... ~6.6% done | elapsed: 7920s
    ... ~6.7% done | elapsed: 7950s
    ... ~6.7% done | elapsed: 7980s
    ... ~6.7% done | elapsed: 8010s
    ... ~6.7% done | elapsed: 8040s
    ... ~6.8% done | elapsed: 8070s
    ... ~6.8% done | elapsed: 8100s
    ... ~6.8% done | elapsed: 8130s
    ... ~6.8% done | elapsed: 8160s
    ... ~6.9% done | elapsed: 8190s
    ... ~6.9% done | elapsed: 8220s
    ... ~6.9% done | elapsed: 8250s
    ... ~6.9% done | elapsed: 8280s
    ... ~7.0% done | elapsed: 8310s
    ... ~7.0% done | elapsed: 8340s
    ... ~7.0% done | elapsed: 8370s
    ... ~7.0% done | elapsed: 8400s
    ... ~7.1% done | elapsed: 8430s
    ... ~7.1% done | elapsed: 8460s
    ... ~7.1% done | elapsed: 8490s
    ... ~7.1% done | elapsed: 8520s
    ... ~7.2% done | elapsed: 8550s
    ... ~7.2% done | elapsed: 8580s
    ... ~7.2% done | elapsed: 8610s
    ... ~7.2% done | elapsed: 8640s
    ... ~7.3% done | elapsed: 8670s
    ... ~7.3% done | elapsed: 8700s
    ... ~7.3% done | elapsed: 8730s
    ... ~7.3% done | elapsed: 8760s
    ... ~7.4% done | elapsed: 8790s
    ... ~7.4% done | elapsed: 8820s
    ... ~7.4% done | elapsed: 8850s
    ... ~7.4% done | elapsed: 8880s
    ... ~7.5% done | elapsed: 8910s
    ... ~7.5% done | elapsed: 8940s
    ... ~7.5% done | elapsed: 8970s
    ... ~7.5% done | elapsed: 9000s
    ... ~7.6% done | elapsed: 9030s
    ... ~7.6% done | elapsed: 9060s
    ... ~7.6% done | elapsed: 9090s
    ... ~7.6% done | elapsed: 9120s
    ... ~7.7% done | elapsed: 9150s
    ... ~7.7% done | elapsed: 9180s
    ... ~7.7% done | elapsed: 9210s
    ... ~7.7% done | elapsed: 9240s
    ... ~7.8% done | elapsed: 9270s
    ... ~7.8% done | elapsed: 9300s
    ... ~7.8% done | elapsed: 9330s
    ... ~7.8% done | elapsed: 9360s
    ... ~7.9% done | elapsed: 9390s
    ... ~7.9% done | elapsed: 9420s
    ... ~7.9% done | elapsed: 9450s
    ... ~7.9% done | elapsed: 9480s
    ... ~8.0% done | elapsed: 9510s
    ... ~8.0% done | elapsed: 9540s
    ... ~8.0% done | elapsed: 9570s
    ... ~8.0% done | elapsed: 9600s
    ... ~8.1% done | elapsed: 9630s
    ... ~8.1% done | elapsed: 9660s
    ... ~8.1% done | elapsed: 9690s
    ... ~8.1% done | elapsed: 9720s
    ... ~8.2% done | elapsed: 9750s
    ... ~8.2% done | elapsed: 9780s
    ... ~8.2% done | elapsed: 9810s
    ... ~8.2% done | elapsed: 9840s
    ... ~8.3% done | elapsed: 9870s
    ... ~8.3% done | elapsed: 9900s
    ... ~8.3% done | elapsed: 9930s
    ... ~8.3% done | elapsed: 9960s
    ... ~8.4% done | elapsed: 9990s
    ... ~8.4% done | elapsed: 10020s
    ... ~8.4% done | elapsed: 10050s
    ... ~8.4% done | elapsed: 10080s
    ... ~8.5% done | elapsed: 10110s
    ... ~8.5% done | elapsed: 10140s
    ... ~8.5% done | elapsed: 10170s
    ... ~8.5% done | elapsed: 10200s
    ... ~8.6% done | elapsed: 10230s
    ... ~8.6% done | elapsed: 10260s
    ... ~8.6% done | elapsed: 10290s
    ... ~8.6% done | elapsed: 10320s
    ... ~8.7% done | elapsed: 10350s
    ... ~8.7% done | elapsed: 10380s
    ... ~8.7% done | elapsed: 10410s
    ... ~8.8% done | elapsed: 10440s
    ... ~8.8% done | elapsed: 10470s
    ... ~8.8% done | elapsed: 10500s
    ... ~8.8% done | elapsed: 10530s
    ... ~8.9% done | elapsed: 10560s
    ... ~8.9% done | elapsed: 10590s
    ... ~8.9% done | elapsed: 10620s
    ... ~8.9% done | elapsed: 10650s
    ... ~9.0% done | elapsed: 10680s
    ... ~9.0% done | elapsed: 10710s
    ... ~9.0% done | elapsed: 10740s
    ... ~9.0% done | elapsed: 10770s
    ... ~9.1% done | elapsed: 10800s
    ... ~9.1% done | elapsed: 10830s
    ... ~9.1% done | elapsed: 10860s
    ... ~9.1% done | elapsed: 10890s
    ... ~9.2% done | elapsed: 10920s
    ... ~9.2% done | elapsed: 10950s
    ... ~9.2% done | elapsed: 10980s
    ... ~9.2% done | elapsed: 11010s
    ... ~9.3% done | elapsed: 11040s
    ... ~9.3% done | elapsed: 11070s
    ... ~9.3% done | elapsed: 11100s
    ... ~9.3% done | elapsed: 11130s
    ... ~9.4% done | elapsed: 11160s
    ... ~9.4% done | elapsed: 11190s
    ... ~9.4% done | elapsed: 11220s
    ... ~9.4% done | elapsed: 11250s
    ... ~9.5% done | elapsed: 11280s
    ... ~9.5% done | elapsed: 11310s
    ... ~9.5% done | elapsed: 11340s
    ... ~9.5% done | elapsed: 11370s
    ... ~9.6% done | elapsed: 11400s
    ... ~9.6% done | elapsed: 11430s
    ... ~9.6% done | elapsed: 11460s
    ... ~9.6% done | elapsed: 11490s
    ... ~9.7% done | elapsed: 11520s
    ... ~9.7% done | elapsed: 11550s
    ... ~9.7% done | elapsed: 11580s
    ... ~9.7% done | elapsed: 11610s
    ... ~9.8% done | elapsed: 11640s
    ... ~9.8% done | elapsed: 11670s
    ... ~9.8% done | elapsed: 11700s
    ... ~9.8% done | elapsed: 11730s
    ... ~9.9% done | elapsed: 11760s
    ... ~9.9% done | elapsed: 11790s
    ... ~9.9% done | elapsed: 11820s
    ... ~9.9% done | elapsed: 11850s
    ... ~10.0% done | elapsed: 11880s
    ... ~10.0% done | elapsed: 11910s
    ... ~10.0% done | elapsed: 11940s
    ... ~10.0% done | elapsed: 11970s
    ... ~10.1% done | elapsed: 12000s
    ... ~10.1% done | elapsed: 12030s
    ... ~10.1% done | elapsed: 12060s
    ... ~10.1% done | elapsed: 12090s
    ... ~10.2% done | elapsed: 12120s
    ... ~10.2% done | elapsed: 12150s
    ... ~10.2% done | elapsed: 12180s
    ... ~10.2% done | elapsed: 12210s
    ... ~10.3% done | elapsed: 12240s
    ... ~10.3% done | elapsed: 12270s
    ... ~10.3% done | elapsed: 12300s
    ... ~10.3% done | elapsed: 12330s
    ... ~10.4% done | elapsed: 12360s
    ... ~10.4% done | elapsed: 12390s
    ... ~10.4% done | elapsed: 12420s
    ... ~10.4% done | elapsed: 12450s
    ... ~10.5% done | elapsed: 12480s
    ... ~10.5% done | elapsed: 12510s
    ... ~10.5% done | elapsed: 12540s
    ... ~10.5% done | elapsed: 12570s
    ... ~10.6% done | elapsed: 12600s
    ... ~10.6% done | elapsed: 12630s
    ... ~10.6% done | elapsed: 12660s
    ... ~10.6% done | elapsed: 12690s
    ... ~10.7% done | elapsed: 12720s
    ... ~10.7% done | elapsed: 12750s
    ... ~10.7% done | elapsed: 12780s
    ... ~10.7% done | elapsed: 12810s
    ... ~10.8% done | elapsed: 12840s
    ... ~10.8% done | elapsed: 12870s
    ... ~10.8% done | elapsed: 12900s
    ... ~10.8% done | elapsed: 12930s
    ... ~10.9% done | elapsed: 12960s
    ... ~10.9% done | elapsed: 12990s
    ... ~10.9% done | elapsed: 13020s
    ... ~10.9% done | elapsed: 13050s
    ... ~11.0% done | elapsed: 13080s
    ... ~11.0% done | elapsed: 13110s
    ... ~11.0% done | elapsed: 13140s
    ... ~11.0% done | elapsed: 13170s
    ... ~11.1% done | elapsed: 13200s
    ... ~11.1% done | elapsed: 13230s
    ... ~11.1% done | elapsed: 13260s
    ... ~11.1% done | elapsed: 13290s
    ... ~11.2% done | elapsed: 13320s
    ... ~11.2% done | elapsed: 13350s
    ... ~11.2% done | elapsed: 13380s
    ... ~11.2% done | elapsed: 13410s
    ... ~11.3% done | elapsed: 13440s
    ... ~11.3% done | elapsed: 13470s
    ... ~11.3% done | elapsed: 13500s
    ... ~11.3% done | elapsed: 13530s
    ... ~11.4% done | elapsed: 13560s
    ... ~11.4% done | elapsed: 13590s
    ... ~11.4% done | elapsed: 13620s
    ... ~11.4% done | elapsed: 13650s
    ... ~11.5% done | elapsed: 13680s
    ... ~11.5% done | elapsed: 13710s
    ... ~11.5% done | elapsed: 13740s
    ... ~11.5% done | elapsed: 13770s
    ... ~11.6% done | elapsed: 13800s
    ... ~11.6% done | elapsed: 13830s
    ... ~11.6% done | elapsed: 13860s
    ... ~11.6% done | elapsed: 13890s
    ... ~11.7% done | elapsed: 13920s
    ... ~11.7% done | elapsed: 13950s
    ... ~11.7% done | elapsed: 13980s
    ... ~11.7% done | elapsed: 14010s
    ... ~11.8% done | elapsed: 14040s
    ... ~11.8% done | elapsed: 14070s
    ... ~11.8% done | elapsed: 14100s
    ... ~11.8% done | elapsed: 14130s
    ... ~11.9% done | elapsed: 14160s
    ... ~11.9% done | elapsed: 14190s
    ... ~11.9% done | elapsed: 14220s
    ... ~11.9% done | elapsed: 14250s
    ... ~12.0% done | elapsed: 14280s
    ... ~12.0% done | elapsed: 14310s
    ... ~12.0% done | elapsed: 14340s
    ... ~12.0% done | elapsed: 14370s
    ... ~12.1% done | elapsed: 14400s
    ... ~12.1% done | elapsed: 14430s
    ... ~12.1% done | elapsed: 14460s
    ... ~12.1% done | elapsed: 14490s
    ... ~12.2% done | elapsed: 14520s
    ... ~12.2% done | elapsed: 14550s
    ... ~12.2% done | elapsed: 14580s
    ... ~12.2% done | elapsed: 14610s
    ... ~12.3% done | elapsed: 14640s
    ... ~12.3% done | elapsed: 14670s
    ... ~12.3% done | elapsed: 14700s
    ... ~12.3% done | elapsed: 14730s
    ... ~12.4% done | elapsed: 14760s
    ... ~12.4% done | elapsed: 14790s
    ... ~12.4% done | elapsed: 14820s
    ... ~12.4% done | elapsed: 14850s
    ... ~12.5% done | elapsed: 14880s
    ... ~12.5% done | elapsed: 14910s
    ... ~12.5% done | elapsed: 14940s
    ... ~12.5% done | elapsed: 14970s
    ... ~12.6% done | elapsed: 15000s
    ... ~12.6% done | elapsed: 15030s
    ... ~12.6% done | elapsed: 15060s
    ... ~12.6% done | elapsed: 15090s
    ... ~12.7% done | elapsed: 15120s
    ... ~12.7% done | elapsed: 15150s
    ... ~12.7% done | elapsed: 15180s
    ... ~12.7% done | elapsed: 15210s
    ... ~12.8% done | elapsed: 15240s
    ... ~12.8% done | elapsed: 15270s
    ... ~12.8% done | elapsed: 15300s
    ... ~12.8% done | elapsed: 15330s
    ... ~12.9% done | elapsed: 15360s
    ... ~12.9% done | elapsed: 15390s
    ... ~12.9% done | elapsed: 15420s
    ... ~12.9% done | elapsed: 15450s
    ... ~13.0% done | elapsed: 15480s
    ... ~13.0% done | elapsed: 15510s
    ... ~13.0% done | elapsed: 15540s
    ... ~13.0% done | elapsed: 15570s
    ... ~13.1% done | elapsed: 15600s
    ... ~13.1% done | elapsed: 15630s
    ... ~13.1% done | elapsed: 15660s
    ... ~13.2% done | elapsed: 15690s
    ... ~13.2% done | elapsed: 15720s
    ... ~13.2% done | elapsed: 15750s
    ... ~13.2% done | elapsed: 15780s
    ... ~13.3% done | elapsed: 15810s
    ... ~13.3% done | elapsed: 15840s
    ... ~13.3% done | elapsed: 15870s
    ... ~13.3% done | elapsed: 15900s
    ... ~13.4% done | elapsed: 15930s
    ... ~13.4% done | elapsed: 15960s
    ... ~13.4% done | elapsed: 15990s
    ... ~13.4% done | elapsed: 16020s
    ... ~13.5% done | elapsed: 16050s
    ... ~13.5% done | elapsed: 16080s
    ... ~13.5% done | elapsed: 16110s
    ... ~13.5% done | elapsed: 16140s
    ... ~13.6% done | elapsed: 16170s
    ... ~13.6% done | elapsed: 16200s
    ... ~13.6% done | elapsed: 16230s
    ... ~13.6% done | elapsed: 16260s
    ... ~13.7% done | elapsed: 16290s
    ... ~13.7% done | elapsed: 16320s
    ... ~13.7% done | elapsed: 16350s
    ... ~13.7% done | elapsed: 16380s
    ... ~13.8% done | elapsed: 16410s
    ... ~13.8% done | elapsed: 16440s
    ... ~13.8% done | elapsed: 16470s
    ... ~13.8% done | elapsed: 16500s
    ... ~13.9% done | elapsed: 16530s
    ... ~13.9% done | elapsed: 16560s
    ... ~13.9% done | elapsed: 16590s
    ... ~13.9% done | elapsed: 16620s
    ... ~14.0% done | elapsed: 16650s
    ... ~14.0% done | elapsed: 16680s
    ... ~14.0% done | elapsed: 16710s
    ... ~14.0% done | elapsed: 16740s
    ... ~14.1% done | elapsed: 16770s
    ... ~14.1% done | elapsed: 16800s
    ... ~14.1% done | elapsed: 16830s
    ... ~14.1% done | elapsed: 16860s
    ... ~14.2% done | elapsed: 16890s
    ... ~14.2% done | elapsed: 16920s
    ... ~14.2% done | elapsed: 16950s
    ... ~14.2% done | elapsed: 16980s
    ... ~14.3% done | elapsed: 17010s
    ... ~14.3% done | elapsed: 17040s
    ... ~14.3% done | elapsed: 17070s
    ... ~14.3% done | elapsed: 17100s
    ... ~14.4% done | elapsed: 17130s
    ... ~14.4% done | elapsed: 17160s
    ... ~14.4% done | elapsed: 17190s
    ... ~14.4% done | elapsed: 17220s
    ... ~14.5% done | elapsed: 17250s
    ... ~14.5% done | elapsed: 17280s
    ... ~14.5% done | elapsed: 17310s
    ... ~14.5% done | elapsed: 17340s
    ... ~14.6% done | elapsed: 17370s
    ... ~14.6% done | elapsed: 17400s
    ... ~14.6% done | elapsed: 17430s
    ... ~14.6% done | elapsed: 17460s
    ... ~14.7% done | elapsed: 17490s
    ... ~14.7% done | elapsed: 17520s
    ... ~14.7% done | elapsed: 17550s
    ... ~14.7% done | elapsed: 17580s
    ... ~14.8% done | elapsed: 17610s
    ... ~14.8% done | elapsed: 17640s
    ... ~14.8% done | elapsed: 17670s
    ... ~14.8% done | elapsed: 17700s
    ... ~14.9% done | elapsed: 17730s
    ... ~14.9% done | elapsed: 17760s
    ... ~14.9% done | elapsed: 17790s
    ... ~14.9% done | elapsed: 17820s
    ... ~15.0% done | elapsed: 17850s
    ... ~15.0% done | elapsed: 17880s
    ... ~15.0% done | elapsed: 17910s
    ... ~15.0% done | elapsed: 17940s
    ... ~15.1% done | elapsed: 17970s
    ... ~15.1% done | elapsed: 18000s
    ... ~15.1% done | elapsed: 18030s
    ... ~15.1% done | elapsed: 18060s
    ... ~15.2% done | elapsed: 18090s
    ... ~15.2% done | elapsed: 18120s
    ... ~15.2% done | elapsed: 18150s
    ... ~15.2% done | elapsed: 18180s
    ... ~15.3% done | elapsed: 18210s
    ... ~15.3% done | elapsed: 18240s
    ... ~15.3% done | elapsed: 18270s
    ... ~15.3% done | elapsed: 18300s
    ... ~15.4% done | elapsed: 18330s
    ... ~15.4% done | elapsed: 18360s
    ... ~15.4% done | elapsed: 18390s
    ... ~15.4% done | elapsed: 18420s
    ... ~15.5% done | elapsed: 18450s
    ... ~15.5% done | elapsed: 18480s
    ... ~15.5% done | elapsed: 18510s
    ... ~15.5% done | elapsed: 18540s
    ... ~15.6% done | elapsed: 18570s
    ... ~15.6% done | elapsed: 18600s
    ... ~15.6% done | elapsed: 18630s
    ... ~15.6% done | elapsed: 18660s
    ... ~15.7% done | elapsed: 18690s
    ... ~15.7% done | elapsed: 18720s
    ... ~15.7% done | elapsed: 18750s
    ... ~15.7% done | elapsed: 18780s
    ... ~15.8% done | elapsed: 18810s
    ... ~15.8% done | elapsed: 18840s
    ... ~15.8% done | elapsed: 18870s
    ... ~15.8% done | elapsed: 18900s
    ... ~15.9% done | elapsed: 18930s
    ... ~15.9% done | elapsed: 18960s
    ... ~15.9% done | elapsed: 18990s
    ... ~15.9% done | elapsed: 19020s
    ... ~16.0% done | elapsed: 19050s
    ... ~16.0% done | elapsed: 19080s
    ... ~16.0% done | elapsed: 19110s
    ... ~16.0% done | elapsed: 19140s
    ... ~16.1% done | elapsed: 19170s
    ... ~16.1% done | elapsed: 19200s
    ... ~16.1% done | elapsed: 19230s
    ... ~16.1% done | elapsed: 19260s
    ... ~16.2% done | elapsed: 19290s
    ... ~16.2% done | elapsed: 19320s
    ... ~16.2% done | elapsed: 19350s
    ... ~16.2% done | elapsed: 19380s
    ... ~16.3% done | elapsed: 19410s
    ... ~16.3% done | elapsed: 19440s
    ... ~16.3% done | elapsed: 19470s
    ... ~16.3% done | elapsed: 19500s
    ... ~16.4% done | elapsed: 19530s
    ... ~16.4% done | elapsed: 19560s
    ... ~16.4% done | elapsed: 19590s
    ... ~16.4% done | elapsed: 19620s
    ... ~16.5% done | elapsed: 19650s
    ... ~16.5% done | elapsed: 19680s
    ... ~16.5% done | elapsed: 19710s
    ... ~16.5% done | elapsed: 19740s
    ... ~16.6% done | elapsed: 19770s
    ... ~16.6% done | elapsed: 19800s
    ... ~16.6% done | elapsed: 19830s
    ... ~16.6% done | elapsed: 19860s
    ... ~16.7% done | elapsed: 19890s
    ... ~16.7% done | elapsed: 19920s
    ... ~16.7% done | elapsed: 19950s
    ... ~16.7% done | elapsed: 19980s
    ... ~16.8% done | elapsed: 20010s
    ... ~16.8% done | elapsed: 20040s
    ... ~16.8% done | elapsed: 20070s
    ... ~16.8% done | elapsed: 20100s
    ... ~16.9% done | elapsed: 20130s
    ... ~16.9% done | elapsed: 20160s
    ... ~16.9% done | elapsed: 20190s
    ... ~16.9% done | elapsed: 20220s
    ... ~17.0% done | elapsed: 20250s
    ... ~17.0% done | elapsed: 20280s
    ... ~17.0% done | elapsed: 20310s
    ... ~17.0% done | elapsed: 20340s
    ... ~17.1% done | elapsed: 20370s
    ... ~17.1% done | elapsed: 20400s
    ... ~17.1% done | elapsed: 20430s
    ... ~17.1% done | elapsed: 20460s
    ... ~17.2% done | elapsed: 20490s
    ... ~17.2% done | elapsed: 20520s
    ... ~17.2% done | elapsed: 20550s
    ... ~17.2% done | elapsed: 20580s
    ... ~17.3% done | elapsed: 20610s
    ... ~17.3% done | elapsed: 20640s
    ... ~17.3% done | elapsed: 20670s
    ... ~17.3% done | elapsed: 20700s
    ... ~17.4% done | elapsed: 20730s
    ... ~17.4% done | elapsed: 20760s
    ... ~17.4% done | elapsed: 20790s
    ... ~17.5% done | elapsed: 20820s
    ... ~17.5% done | elapsed: 20850s
    ... ~17.5% done | elapsed: 20880s
    ... ~17.5% done | elapsed: 20910s
    ... ~17.6% done | elapsed: 20940s
    ... ~17.6% done | elapsed: 20970s
    ... ~17.6% done | elapsed: 21000s
    ... ~17.6% done | elapsed: 21030s
    ... ~17.7% done | elapsed: 21060s
    ... ~17.7% done | elapsed: 21090s
    ... ~17.7% done | elapsed: 21120s
    ... ~17.7% done | elapsed: 21150s
    ... ~17.8% done | elapsed: 21180s
    ... ~17.8% done | elapsed: 21210s
    ... ~17.8% done | elapsed: 21240s
    ... ~17.8% done | elapsed: 21270s
    ... ~17.9% done | elapsed: 21300s
    ... ~17.9% done | elapsed: 21330s
    ... ~17.9% done | elapsed: 21360s
    ... ~17.9% done | elapsed: 21390s
    ... ~18.0% done | elapsed: 21420s
    ... ~18.0% done | elapsed: 21450s
    ... ~18.0% done | elapsed: 21480s
    ... ~18.0% done | elapsed: 21510s
    ... ~18.1% done | elapsed: 21540s
    ... ~18.1% done | elapsed: 21570s
    ... ~18.1% done | elapsed: 21600s
    ... ~18.1% done | elapsed: 21630s
    ... ~18.2% done | elapsed: 21660s
    ... ~18.2% done | elapsed: 21690s
    ... ~18.2% done | elapsed: 21720s
    ... ~18.2% done | elapsed: 21750s
    ... ~18.3% done | elapsed: 21780s
    ... ~18.3% done | elapsed: 21810s
    ... ~18.3% done | elapsed: 21840s
    ... ~18.3% done | elapsed: 21870s
    ... ~18.4% done | elapsed: 21900s
    ... ~18.4% done | elapsed: 21930s
    ... ~18.4% done | elapsed: 21960s
    ... ~18.4% done | elapsed: 21990s
    ... ~18.5% done | elapsed: 22020s
    ... ~18.5% done | elapsed: 22050s
    ... ~18.5% done | elapsed: 22080s
    ... ~18.5% done | elapsed: 22110s
    ... ~18.6% done | elapsed: 22140s
    ... ~18.6% done | elapsed: 22170s
    ... ~18.6% done | elapsed: 22200s
    ... ~18.6% done | elapsed: 22230s
    ... ~18.7% done | elapsed: 22260s
    ... ~18.7% done | elapsed: 22290s
    ... ~18.7% done | elapsed: 22320s
    ... ~18.7% done | elapsed: 22350s
    ... ~18.8% done | elapsed: 22380s
    ... ~18.8% done | elapsed: 22410s
    ... ~18.8% done | elapsed: 22440s
    ... ~18.8% done | elapsed: 22470s
    ... ~18.9% done | elapsed: 22500s
    ... ~18.9% done | elapsed: 22530s
    ... ~18.9% done | elapsed: 22560s
    ... ~18.9% done | elapsed: 22590s
    ... ~19.0% done | elapsed: 22620s
    ... ~19.0% done | elapsed: 22650s
    ... ~19.0% done | elapsed: 22680s
    ... ~19.0% done | elapsed: 22710s
    ... ~19.1% done | elapsed: 22740s
    ... ~19.1% done | elapsed: 22770s
    ... ~19.1% done | elapsed: 22800s
    ... ~19.1% done | elapsed: 22830s
    ... ~19.2% done | elapsed: 22860s
    ... ~19.2% done | elapsed: 22890s
    ... ~19.2% done | elapsed: 22920s
    ... ~19.2% done | elapsed: 22950s
    ... ~19.3% done | elapsed: 22980s
    ... ~19.3% done | elapsed: 23010s
    ... ~19.3% done | elapsed: 23040s
    ... ~19.3% done | elapsed: 23070s
    ... ~19.4% done | elapsed: 23100s
    ... ~19.4% done | elapsed: 23130s
    ... ~19.4% done | elapsed: 23160s
    ... ~19.4% done | elapsed: 23190s
    ... ~19.5% done | elapsed: 23220s
    ... ~19.5% done | elapsed: 23250s
    ... ~19.5% done | elapsed: 23280s
    ... ~19.5% done | elapsed: 23310s
    ... ~19.6% done | elapsed: 23340s
    ... ~19.6% done | elapsed: 23370s
    ... ~19.6% done | elapsed: 23400s
    ... ~19.6% done | elapsed: 23430s
    ... ~19.7% done | elapsed: 23460s
    ... ~19.7% done | elapsed: 23490s
    ... ~19.7% done | elapsed: 23520s
    ... ~19.7% done | elapsed: 23550s
    ... ~19.8% done | elapsed: 23580s
    ... ~19.8% done | elapsed: 23610s
    ... ~19.8% done | elapsed: 23640s
    ... ~19.8% done | elapsed: 23670s
    ... ~19.9% done | elapsed: 23700s
    ... ~19.9% done | elapsed: 23730s
    ... ~19.9% done | elapsed: 23760s
    ... ~19.9% done | elapsed: 23790s
    ... ~20.0% done | elapsed: 23820s
    ... ~20.0% done | elapsed: 23850s
    ... ~20.0% done | elapsed: 23880s
    ... ~20.0% done | elapsed: 23910s
    ... ~20.1% done | elapsed: 23940s
    ... ~20.1% done | elapsed: 23970s
    ... ~20.1% done | elapsed: 24000s
    ... ~20.1% done | elapsed: 24030s
    ... ~20.2% done | elapsed: 24060s
    ... ~20.2% done | elapsed: 24090s
    ... ~20.2% done | elapsed: 24120s
    ... ~20.2% done | elapsed: 24150s
    ... ~20.3% done | elapsed: 24180s
    ... ~20.3% done | elapsed: 24210s
    ... ~20.3% done | elapsed: 24240s
    ... ~20.3% done | elapsed: 24270s
    ... ~20.4% done | elapsed: 24300s
    ... ~20.4% done | elapsed: 24330s
    ... ~20.4% done | elapsed: 24360s
    ... ~20.4% done | elapsed: 24390s
    ... ~20.5% done | elapsed: 24420s
    ... ~20.5% done | elapsed: 24450s
    ... ~20.5% done | elapsed: 24480s
    ... ~20.5% done | elapsed: 24510s
    ... ~20.6% done | elapsed: 24540s
    ... ~20.6% done | elapsed: 24570s
    ... ~20.6% done | elapsed: 24600s
    ... ~20.6% done | elapsed: 24630s
    ... ~20.7% done | elapsed: 24660s
    ... ~20.7% done | elapsed: 24690s
    ... ~20.7% done | elapsed: 24720s
    ... ~20.7% done | elapsed: 24750s
    ... ~20.8% done | elapsed: 24780s
    ... ~20.8% done | elapsed: 24810s
    ... ~20.8% done | elapsed: 24840s
    ... ~20.8% done | elapsed: 24870s
    ... ~20.9% done | elapsed: 24900s
    ... ~20.9% done | elapsed: 24930s
    ... ~20.9% done | elapsed: 24960s
    ... ~20.9% done | elapsed: 24990s
    ... ~21.0% done | elapsed: 25020s
    ... ~21.0% done | elapsed: 25050s
    ... ~21.0% done | elapsed: 25080s
    ... ~21.0% done | elapsed: 25110s
    ... ~21.1% done | elapsed: 25140s
    ... ~21.1% done | elapsed: 25170s
    ... ~21.1% done | elapsed: 25200s
    ... ~21.1% done | elapsed: 25230s
    ... ~21.2% done | elapsed: 25260s
    ... ~21.2% done | elapsed: 25290s
    ... ~21.2% done | elapsed: 25320s
    ... ~21.2% done | elapsed: 25350s
    ... ~21.3% done | elapsed: 25380s
    ... ~21.3% done | elapsed: 25410s
    ... ~21.3% done | elapsed: 25440s
    ... ~21.3% done | elapsed: 25470s
    ... ~21.4% done | elapsed: 25500s
    ... ~21.4% done | elapsed: 25530s
    ... ~21.4% done | elapsed: 25560s
    ... ~21.4% done | elapsed: 25590s
    ... ~21.5% done | elapsed: 25620s
    ... ~21.5% done | elapsed: 25650s
    ... ~21.5% done | elapsed: 25680s
    ... ~21.5% done | elapsed: 25710s
    ... ~21.6% done | elapsed: 25740s
    ... ~21.6% done | elapsed: 25770s
    ... ~21.6% done | elapsed: 25800s
    ... ~21.6% done | elapsed: 25830s
    ... ~21.7% done | elapsed: 25860s
    ... ~21.7% done | elapsed: 25890s
    ... ~21.7% done | elapsed: 25920s
    ... ~21.7% done | elapsed: 25950s
    ... ~21.8% done | elapsed: 25980s
    ... ~21.8% done | elapsed: 26010s
    ... ~21.8% done | elapsed: 26040s
    ... ~21.9% done | elapsed: 26070s
    ... ~21.9% done | elapsed: 26100s
    ... ~21.9% done | elapsed: 26130s
    ... ~21.9% done | elapsed: 26160s
    ... ~22.0% done | elapsed: 26190s
    ... ~22.0% done | elapsed: 26220s
    ... ~22.0% done | elapsed: 26250s
    ... ~22.0% done | elapsed: 26280s
    ... ~22.1% done | elapsed: 26310s
    ... ~22.1% done | elapsed: 26340s
    ... ~22.1% done | elapsed: 26370s
    ... ~22.1% done | elapsed: 26400s
    ... ~22.2% done | elapsed: 26430s
    ... ~22.2% done | elapsed: 26460s
    ... ~22.2% done | elapsed: 26490s
    ... ~22.2% done | elapsed: 26520s
    ... ~22.3% done | elapsed: 26550s
    ... ~22.3% done | elapsed: 26580s
    ... ~22.3% done | elapsed: 26610s
    ... ~22.3% done | elapsed: 26640s
    ... ~22.4% done | elapsed: 26670s
    ... ~22.4% done | elapsed: 26700s
    ... ~22.4% done | elapsed: 26730s
    ... ~22.4% done | elapsed: 26760s
    ... ~22.5% done | elapsed: 26790s
    ... ~22.5% done | elapsed: 26820s
    ... ~22.5% done | elapsed: 26850s
    ... ~22.5% done | elapsed: 26880s
    ... ~22.6% done | elapsed: 26910s
    ... ~22.6% done | elapsed: 26940s
    ... ~22.6% done | elapsed: 26970s
    ... ~22.6% done | elapsed: 27000s
    ... ~22.7% done | elapsed: 27030s
    ... ~22.7% done | elapsed: 27060s
    ... ~22.7% done | elapsed: 27090s
    ... ~22.7% done | elapsed: 27120s
    ... ~22.8% done | elapsed: 27150s
    ... ~22.8% done | elapsed: 27180s
    ... ~22.8% done | elapsed: 27210s
    ... ~22.8% done | elapsed: 27240s
    ... ~22.9% done | elapsed: 27270s
    ... ~22.9% done | elapsed: 27300s
    ... ~22.9% done | elapsed: 27330s
    ... ~22.9% done | elapsed: 27360s
    ... ~23.0% done | elapsed: 27390s
    ... ~23.0% done | elapsed: 27420s
    ... ~23.0% done | elapsed: 27450s
    ... ~23.0% done | elapsed: 27480s
    ... ~23.1% done | elapsed: 27510s
    ... ~23.1% done | elapsed: 27540s
    ... ~23.1% done | elapsed: 27570s
    ... ~23.1% done | elapsed: 27600s
    ... ~23.2% done | elapsed: 27630s
    ... ~23.2% done | elapsed: 27660s
    ... ~23.2% done | elapsed: 27690s
    ... ~23.2% done | elapsed: 27720s
    ... ~23.3% done | elapsed: 27750s
    ... ~23.3% done | elapsed: 27780s
    ... ~23.3% done | elapsed: 27810s
    ... ~23.3% done | elapsed: 27840s
    ... ~23.4% done | elapsed: 27870s
    ... ~23.4% done | elapsed: 27900s
    ... ~23.4% done | elapsed: 27930s
    ... ~23.4% done | elapsed: 27960s
    ... ~23.5% done | elapsed: 27990s
    ... ~23.5% done | elapsed: 28020s
    ... ~23.5% done | elapsed: 28050s
    ... ~23.5% done | elapsed: 28080s
    ... ~23.6% done | elapsed: 28110s
    ... ~23.6% done | elapsed: 28140s
    ... ~23.6% done | elapsed: 28170s
    ... ~23.6% done | elapsed: 28200s
    ... ~23.7% done | elapsed: 28230s
    ... ~23.7% done | elapsed: 28260s
    ... ~23.7% done | elapsed: 28290s
    ... ~23.7% done | elapsed: 28320s
    ... ~23.8% done | elapsed: 28350s
    ... ~23.8% done | elapsed: 28380s
    ... ~23.8% done | elapsed: 28410s
    ... ~23.8% done | elapsed: 28440s
    ... ~23.9% done | elapsed: 28470s
    ... ~23.9% done | elapsed: 28500s
    ... ~23.9% done | elapsed: 28530s
    ... ~23.9% done | elapsed: 28560s
    ... ~24.0% done | elapsed: 28590s
    ... ~24.0% done | elapsed: 28620s
    ... ~24.0% done | elapsed: 28650s
    ... ~24.0% done | elapsed: 28680s
    ... ~24.1% done | elapsed: 28710s
    ... ~24.1% done | elapsed: 28740s
    ... ~24.1% done | elapsed: 28770s
    ... ~24.1% done | elapsed: 28800s
    ... ~24.2% done | elapsed: 28830s
    ... ~24.2% done | elapsed: 28860s
    ... ~24.2% done | elapsed: 28890s
    ... ~24.2% done | elapsed: 28920s
    ... ~24.3% done | elapsed: 28950s
    ... ~24.3% done | elapsed: 28980s
    ... ~24.3% done | elapsed: 29010s
    ... ~24.3% done | elapsed: 29040s
    ... ~24.4% done | elapsed: 29070s
    ... ~24.4% done | elapsed: 29100s
    ... ~24.4% done | elapsed: 29130s
    ... ~24.4% done | elapsed: 29160s
    ... ~24.5% done | elapsed: 29190s
    ... ~24.5% done | elapsed: 29220s
    ... ~24.5% done | elapsed: 29250s
    ... ~24.5% done | elapsed: 29280s
    ... ~24.6% done | elapsed: 29310s
    ... ~24.6% done | elapsed: 29340s
    ... ~24.6% done | elapsed: 29370s
    ... ~24.6% done | elapsed: 29400s
    ... ~24.7% done | elapsed: 29430s
    ... ~24.7% done | elapsed: 29460s
    ... ~24.7% done | elapsed: 29490s
    ... ~24.7% done | elapsed: 29520s
    ... ~24.8% done | elapsed: 29550s
    ... ~24.8% done | elapsed: 29580s
    ... ~24.8% done | elapsed: 29610s
    ... ~24.8% done | elapsed: 29640s
    ... ~24.9% done | elapsed: 29670s
    ... ~24.9% done | elapsed: 29700s
    ... ~24.9% done | elapsed: 29730s
    ... ~24.9% done | elapsed: 29760s
    ... ~25.0% done | elapsed: 29790s
    ... ~25.0% done | elapsed: 29820s
    ... ~25.0% done | elapsed: 29850s
    ... ~25.0% done | elapsed: 29880s
    ... ~25.1% done | elapsed: 29910s
    ... ~25.1% done | elapsed: 29940s
    ... ~25.1% done | elapsed: 29970s
    ... ~25.1% done | elapsed: 30000s
    ... ~25.2% done | elapsed: 30030s
    ... ~25.2% done | elapsed: 30060s
    ... ~25.2% done | elapsed: 30090s
    ... ~25.2% done | elapsed: 30120s
    ... ~25.3% done | elapsed: 30150s
    ... ~25.3% done | elapsed: 30180s
    ... ~25.3% done | elapsed: 30210s
    ... ~25.3% done | elapsed: 30240s
    ... ~25.4% done | elapsed: 30270s
    ... ~25.4% done | elapsed: 30300s
    ... ~25.4% done | elapsed: 30330s
    ... ~25.4% done | elapsed: 30360s
    ... ~25.5% done | elapsed: 30390s
    ... ~25.5% done | elapsed: 30420s
    ... ~25.5% done | elapsed: 30450s
    ... ~25.5% done | elapsed: 30480s
    ... ~25.6% done | elapsed: 30510s
    ... ~25.6% done | elapsed: 30540s
    ... ~25.6% done | elapsed: 30570s
    ... ~25.6% done | elapsed: 30600s
    ... ~25.7% done | elapsed: 30630s
    ... ~25.7% done | elapsed: 30660s
    ... ~25.7% done | elapsed: 30690s
    ... ~25.7% done | elapsed: 30720s
    ... ~25.8% done | elapsed: 30750s
    ... ~25.8% done | elapsed: 30780s
    ... ~25.8% done | elapsed: 30810s
    ... ~25.8% done | elapsed: 30840s
    ... ~25.9% done | elapsed: 30870s
    ... ~25.9% done | elapsed: 30900s
    ... ~25.9% done | elapsed: 30930s
    ... ~25.9% done | elapsed: 30960s
    ... ~26.0% done | elapsed: 30990s
    ... ~26.0% done | elapsed: 31020s
    ... ~26.0% done | elapsed: 31050s
    ... ~26.0% done | elapsed: 31080s
    ... ~26.1% done | elapsed: 31110s
    ... ~26.1% done | elapsed: 31140s
    ... ~26.1% done | elapsed: 31170s
    ... ~26.2% done | elapsed: 31200s
    ... ~26.2% done | elapsed: 31230s
    ... ~26.2% done | elapsed: 31260s
    ... ~26.2% done | elapsed: 31290s
    ... ~26.3% done | elapsed: 31320s
    ... ~26.3% done | elapsed: 31350s
    ... ~26.3% done | elapsed: 31380s
    ... ~26.3% done | elapsed: 31410s
    ... ~26.4% done | elapsed: 31440s
    ... ~26.4% done | elapsed: 31470s
    ... ~26.4% done | elapsed: 31500s
    ... ~26.4% done | elapsed: 31530s
    ... ~26.5% done | elapsed: 31560s
    ... ~26.5% done | elapsed: 31590s
    ... ~26.5% done | elapsed: 31620s
    ... ~26.5% done | elapsed: 31650s
    ... ~26.6% done | elapsed: 31680s
    ... ~26.6% done | elapsed: 31710s
    ... ~26.6% done | elapsed: 31740s
    ... ~26.6% done | elapsed: 31770s
    ... ~26.7% done | elapsed: 31800s
    ... ~26.7% done | elapsed: 31830s
    ... ~26.7% done | elapsed: 31860s
    ... ~26.7% done | elapsed: 31890s
    ... ~26.8% done | elapsed: 31920s
    ... ~26.8% done | elapsed: 31950s
    ... ~26.8% done | elapsed: 31980s
    ... ~26.8% done | elapsed: 32010s
    ... ~26.9% done | elapsed: 32040s
    ... ~26.9% done | elapsed: 32070s
    ... ~26.9% done | elapsed: 32100s
    ... ~26.9% done | elapsed: 32130s
    ... ~27.0% done | elapsed: 32160s
    ... ~27.0% done | elapsed: 32190s
    ... ~27.0% done | elapsed: 32220s
    ... ~27.0% done | elapsed: 32250s
    ... ~27.1% done | elapsed: 32280s
    ... ~27.1% done | elapsed: 32310s
    ... ~27.1% done | elapsed: 32340s
    ... ~27.1% done | elapsed: 32370s
    ... ~27.2% done | elapsed: 32400s
    ... ~27.2% done | elapsed: 32430s
    ... ~27.2% done | elapsed: 32460s
    ... ~27.2% done | elapsed: 32490s
    ... ~27.3% done | elapsed: 32520s
    ... ~27.3% done | elapsed: 32550s
    ... ~27.3% done | elapsed: 32580s
    ... ~27.3% done | elapsed: 32610s
    ... ~27.4% done | elapsed: 32640s
    ... ~27.4% done | elapsed: 32670s
    ... ~27.4% done | elapsed: 32700s
    ... ~27.4% done | elapsed: 32730s
    ... ~27.5% done | elapsed: 32760s
    ... ~27.5% done | elapsed: 32790s
    ... ~27.5% done | elapsed: 32820s
    ... ~27.5% done | elapsed: 32850s
    ... ~27.6% done | elapsed: 32880s
    ... ~27.6% done | elapsed: 32910s
    ... ~27.6% done | elapsed: 32940s
    ... ~27.6% done | elapsed: 32970s
    ... ~27.7% done | elapsed: 33000s
    ... ~27.7% done | elapsed: 33030s
    ... ~27.7% done | elapsed: 33060s
    ... ~27.7% done | elapsed: 33090s
    ... ~27.8% done | elapsed: 33120s
    ... ~27.8% done | elapsed: 33150s
    ... ~27.8% done | elapsed: 33180s
    ... ~27.8% done | elapsed: 33210s
    ... ~27.9% done | elapsed: 33240s
    ... ~27.9% done | elapsed: 33270s
    ... ~27.9% done | elapsed: 33300s
    ... ~27.9% done | elapsed: 33330s
    ... ~28.0% done | elapsed: 33360s
    ... ~28.0% done | elapsed: 33390s
    ... ~28.0% done | elapsed: 33420s
    ... ~28.0% done | elapsed: 33450s
    ... ~28.1% done | elapsed: 33480s
    ... ~28.1% done | elapsed: 33510s
    ... ~28.1% done | elapsed: 33540s
    ... ~28.1% done | elapsed: 33570s
    ... ~28.2% done | elapsed: 33600s
    ... ~28.2% done | elapsed: 33630s
    ... ~28.2% done | elapsed: 33660s
    ... ~28.2% done | elapsed: 33690s
    ... ~28.3% done | elapsed: 33720s
    ... ~28.3% done | elapsed: 33750s
    ... ~28.3% done | elapsed: 33780s
    ... ~28.3% done | elapsed: 33810s
    ... ~28.4% done | elapsed: 33840s
    ... ~28.4% done | elapsed: 33870s
    ... ~28.4% done | elapsed: 33900s
    ... ~28.4% done | elapsed: 33930s
    ... ~28.5% done | elapsed: 33960s
    ... ~28.5% done | elapsed: 33990s
    ... ~28.5% done | elapsed: 34020s
    ... ~28.5% done | elapsed: 34050s
    ... ~28.6% done | elapsed: 34080s
    ... ~28.6% done | elapsed: 34110s
    ... ~28.6% done | elapsed: 34140s
    ... ~28.6% done | elapsed: 34170s
    ... ~28.7% done | elapsed: 34200s
    ... ~28.7% done | elapsed: 34230s
    ... ~28.7% done | elapsed: 34260s
    ... ~28.7% done | elapsed: 34290s
    ... ~28.8% done | elapsed: 34320s
    ... ~28.8% done | elapsed: 34350s
    ... ~28.8% done | elapsed: 34380s
    ... ~28.8% done | elapsed: 34410s
    ... ~28.9% done | elapsed: 34440s
    ... ~28.9% done | elapsed: 34470s
    ... ~28.9% done | elapsed: 34500s
    ... ~28.9% done | elapsed: 34530s
    ... ~29.0% done | elapsed: 34560s
    ... ~29.0% done | elapsed: 34590s
    ... ~29.0% done | elapsed: 34620s
    ... ~29.0% done | elapsed: 34650s
    ... ~29.1% done | elapsed: 34680s
    ... ~29.1% done | elapsed: 34710s
    ... ~29.1% done | elapsed: 34740s
    ... ~29.1% done | elapsed: 34770s
    ... ~29.2% done | elapsed: 34800s
    ... ~29.2% done | elapsed: 34830s
    ... ~29.2% done | elapsed: 34860s
    ... ~29.2% done | elapsed: 34890s
    ... ~29.3% done | elapsed: 34920s
    ... ~29.3% done | elapsed: 34950s
    ... ~29.3% done | elapsed: 34980s
    ... ~29.3% done | elapsed: 35010s
    ... ~29.4% done | elapsed: 35040s
    ... ~29.4% done | elapsed: 35070s
    ... ~29.4% done | elapsed: 35100s
    ... ~29.4% done | elapsed: 35130s
    ... ~29.5% done | elapsed: 35160s
    ... ~29.5% done | elapsed: 35190s
    ... ~29.5% done | elapsed: 35220s
    ... ~29.5% done | elapsed: 35250s
    ... ~29.6% done | elapsed: 35280s
    ... ~29.6% done | elapsed: 35310s
    ... ~29.6% done | elapsed: 35340s
    ... ~29.6% done | elapsed: 35370s
    ... ~29.7% done | elapsed: 35400s
    ... ~29.7% done | elapsed: 35430s
    ... ~29.7% done | elapsed: 35460s
    ... ~29.7% done | elapsed: 35490s
    ... ~29.8% done | elapsed: 35520s
    ... ~29.8% done | elapsed: 35550s
    ... ~29.8% done | elapsed: 35580s
    ... ~29.8% done | elapsed: 35610s
    ... ~29.9% done | elapsed: 35640s
    ... ~29.9% done | elapsed: 35670s
    ... ~29.9% done | elapsed: 35700s
    ... ~29.9% done | elapsed: 35730s
    ... ~30.0% done | elapsed: 35760s
    ... ~30.0% done | elapsed: 35790s
    ... ~30.0% done | elapsed: 35820s
    ... ~30.0% done | elapsed: 35850s
    ... ~30.1% done | elapsed: 35880s
    ... ~30.1% done | elapsed: 35910s
    ... ~30.1% done | elapsed: 35940s
    ... ~30.1% done | elapsed: 35970s
    ... ~30.2% done | elapsed: 36000s
    ... ~30.2% done | elapsed: 36030s
    ... ~30.2% done | elapsed: 36060s
    ... ~30.2% done | elapsed: 36090s
    ... ~30.3% done | elapsed: 36120s
    ... ~30.3% done | elapsed: 36150s
    ... ~30.3% done | elapsed: 36180s
    ... ~30.3% done | elapsed: 36210s
    ... ~30.4% done | elapsed: 36240s
    ... ~30.4% done | elapsed: 36270s
    ... ~30.4% done | elapsed: 36300s
    ... ~30.4% done | elapsed: 36330s
    ... ~30.5% done | elapsed: 36360s
    ... ~30.5% done | elapsed: 36390s
    ... ~30.5% done | elapsed: 36420s
    ... ~30.6% done | elapsed: 36450s
    ... ~30.6% done | elapsed: 36480s
    ... ~30.6% done | elapsed: 36510s
    ... ~30.6% done | elapsed: 36540s
    ... ~30.7% done | elapsed: 36570s
    ... ~30.7% done | elapsed: 36600s
    ... ~30.7% done | elapsed: 36630s
    ... ~30.7% done | elapsed: 36660s
    ... ~30.8% done | elapsed: 36690s
    ... ~30.8% done | elapsed: 36720s
    ... ~30.8% done | elapsed: 36750s
    ... ~30.8% done | elapsed: 36780s
    ... ~30.9% done | elapsed: 36810s
    ... ~30.9% done | elapsed: 36840s
    ... ~30.9% done | elapsed: 36870s
    ... ~30.9% done | elapsed: 36900s
    ... ~31.0% done | elapsed: 36930s
    ... ~31.0% done | elapsed: 36960s
    ... ~31.0% done | elapsed: 36990s
    ... ~31.0% done | elapsed: 37020s
    ... ~31.1% done | elapsed: 37050s
    ... ~31.1% done | elapsed: 37080s
    ... ~31.1% done | elapsed: 37110s
    ... ~31.1% done | elapsed: 37140s
    ... ~31.2% done | elapsed: 37170s
    ... ~31.2% done | elapsed: 37200s
    ... ~31.2% done | elapsed: 37230s
    ... ~31.2% done | elapsed: 37260s
    ... ~31.3% done | elapsed: 37290s
    ... ~31.3% done | elapsed: 37320s
    ... ~31.3% done | elapsed: 37350s
    ... ~31.3% done | elapsed: 37380s
    ... ~31.4% done | elapsed: 37410s
    ... ~31.4% done | elapsed: 37440s
    ... ~31.4% done | elapsed: 37470s
    ... ~31.4% done | elapsed: 37500s
    ... ~31.5% done | elapsed: 37530s
    ... ~31.5% done | elapsed: 37560s
    ... ~31.5% done | elapsed: 37590s
    ... ~31.5% done | elapsed: 37620s
    ... ~31.6% done | elapsed: 37650s
    ... ~31.6% done | elapsed: 37680s
    ... ~31.6% done | elapsed: 37710s
    ... ~31.6% done | elapsed: 37740s
    ... ~31.7% done | elapsed: 37770s
    ... ~31.7% done | elapsed: 37800s
    ... ~31.7% done | elapsed: 37830s
    ... ~31.7% done | elapsed: 37860s
    ... ~31.8% done | elapsed: 37890s
    ... ~31.8% done | elapsed: 37920s
    ... ~31.8% done | elapsed: 37950s
    ... ~31.8% done | elapsed: 37980s
    ... ~31.9% done | elapsed: 38010s
    ... ~31.9% done | elapsed: 38040s
    ... ~31.9% done | elapsed: 38070s
    ... ~31.9% done | elapsed: 38100s
    ... ~32.0% done | elapsed: 38130s
    ... ~32.0% done | elapsed: 38160s
    ... ~32.0% done | elapsed: 38190s
    ... ~32.0% done | elapsed: 38220s
    ... ~32.1% done | elapsed: 38250s
    ... ~32.1% done | elapsed: 38280s
    ... ~32.1% done | elapsed: 38310s
    ... ~32.1% done | elapsed: 38340s
    ... ~32.2% done | elapsed: 38370s
    ... ~32.2% done | elapsed: 38400s
    ... ~32.2% done | elapsed: 38430s
    ... ~32.2% done | elapsed: 38460s
    ... ~32.3% done | elapsed: 38490s
    ... ~32.3% done | elapsed: 38520s
    ... ~32.3% done | elapsed: 38550s
    ... ~32.3% done | elapsed: 38580s
    ... ~32.4% done | elapsed: 38610s
    ... ~32.4% done | elapsed: 38640s
    ... ~32.4% done | elapsed: 38670s
    ... ~32.4% done | elapsed: 38700s
    ... ~32.5% done | elapsed: 38730s
[!] Length 8 done | 38747.4s | 5.63B pwd/s | Password not found.

[*] Trying length 9 | search space=1.3537086546263552e16
    ... ~0.0% done | elapsed: 30s
    ... ~0.0% done | elapsed: 60s
    ... ~0.0% done | elapsed: 90s
    ... ~0.0% done | elapsed: 120s
    ... ~0.0% done | elapsed: 150s
    ... ~0.0% done | elapsed: 180s
    ... ~0.0% done | elapsed: 210s
    ... ~0.0% done | elapsed: 240s
    ... ~0.0% done | elapsed: 270s
    ... ~0.0% done | elapsed: 300s
    ... ~0.0% done | elapsed: 330s
    ... ~0.0% done | elapsed: 360s
    ... ~0.0% done | elapsed: 390s
    ... ~0.0% done | elapsed: 420s
    ... ~0.0% done | elapsed: 450s
    ... ~0.0% done | elapsed: 480s
    ... ~0.0% done | elapsed: 510s
    ... ~0.0% done | elapsed: 540s
    ... ~0.0% done | elapsed: 570s
    ... ~0.0% done | elapsed: 600s
    ... ~0.0% done | elapsed: 630s
    ... ~0.0% done | elapsed: 660s
    ... ~0.0% done | elapsed: 690s
    ... ~0.0% done | elapsed: 720s
    ... ~0.0% done | elapsed: 750s
    ... ~0.0% done | elapsed: 780s
    ... ~0.0% done | elapsed: 810s
    ... ~0.0% done | elapsed: 840s
    ... ~0.0% done | elapsed: 870s
    ... ~0.0% done | elapsed: 900s
    ... ~0.0% done | elapsed: 930s
    ... ~0.0% done | elapsed: 960s
    ... ~0.0% done | elapsed: 990s
    ... ~0.0% done | elapsed: 1020s
    ... ~0.0% done | elapsed: 1050s
    ... ~0.0% done | elapsed: 1080s
    ... ~0.0% done | elapsed: 1110s
    ... ~0.0% done | elapsed: 1140s
    ... ~0.0% done | elapsed: 1170s
    ... ~0.0% done | elapsed: 1200s
    ... ~0.1% done | elapsed: 1230s
    ... ~0.1% done | elapsed: 1260s
    ... ~0.1% done | elapsed: 1290s
    ... ~0.1% done | elapsed: 1320s
    ... ~0.1% done | elapsed: 1350s
    ... ~0.1% done | elapsed: 1380s
    ... ~0.1% done | elapsed: 1410s
    ... ~0.1% done | elapsed: 1440s
    ... ~0.1% done | elapsed: 1470s
    ... ~0.1% done | elapsed: 1500s
    ... ~0.1% done | elapsed: 1530s
    ... ~0.1% done | elapsed: 1560s
    ... ~0.1% done | elapsed: 1590s
    ... ~0.1% done | elapsed: 1620s
    ... ~0.1% done | elapsed: 1650s
    ... ~0.1% done | elapsed: 1680s
    ... ~0.1% done | elapsed: 1710s
    ... ~0.1% done | elapsed: 1740s
    ... ~0.1% done | elapsed: 1770s
    ... ~0.1% done | elapsed: 1800s
    ... ~0.1% done | elapsed: 1830s
    ... ~0.1% done | elapsed: 1860s
    ... ~0.1% done | elapsed: 1890s
    ... ~0.1% done | elapsed: 1920s
    ... ~0.1% done | elapsed: 1950s
    ... ~0.1% done | elapsed: 1980s
    ... ~0.1% done | elapsed: 2010s
    ... ~0.1% done | elapsed: 2040s
    ... ~0.1% done | elapsed: 2070s
    ... ~0.1% done | elapsed: 2100s
    ... ~0.1% done | elapsed: 2130s
    ... ~0.1% done | elapsed: 2160s
    ... ~0.1% done | elapsed: 2190s
    ... ~0.1% done | elapsed: 2220s
    ... ~0.1% done | elapsed: 2250s
    ... ~0.1% done | elapsed: 2280s
    ... ~0.1% done | elapsed: 2310s
    ... ~0.1% done | elapsed: 2340s
    ... ~0.1% done | elapsed: 2370s
    ... ~0.1% done | elapsed: 2400s
    ... ~0.1% done | elapsed: 2430s
    ... ~0.1% done | elapsed: 2460s
    ... ~0.1% done | elapsed: 2490s
    ... ~0.1% done | elapsed: 2520s
    ... ~0.1% done | elapsed: 2550s
    ... ~0.1% done | elapsed: 2580s
    ... ~0.1% done | elapsed: 2610s
    ... ~0.1% done | elapsed: 2640s
    ... ~0.1% done | elapsed: 2670s
    ... ~0.1% done | elapsed: 2700s
    ... ~0.1% done | elapsed: 2730s
    ... ~0.1% done | elapsed: 2760s
    ... ~0.1% done | elapsed: 2790s
    ... ~0.1% done | elapsed: 2820s
    ... ~0.1% done | elapsed: 2850s
    ... ~0.1% done | elapsed: 2880s
    ... ~0.1% done | elapsed: 2910s
    ... ~0.1% done | elapsed: 2940s
    ... ~0.1% done | elapsed: 2970s
    ... ~0.1% done | elapsed: 3000s
    ... ~0.1% done | elapsed: 3030s
    ... ~0.1% done | elapsed: 3060s
    ... ~0.1% done | elapsed: 3090s
    ... ~0.1% done | elapsed: 3120s
    ... ~0.1% done | elapsed: 3150s
    ... ~0.1% done | elapsed: 3180s
    ... ~0.1% done | elapsed: 3210s
    ... ~0.1% done | elapsed: 3240s
    ... ~0.1% done | elapsed: 3270s
    ... ~0.1% done | elapsed: 3300s
    ... ~0.1% done | elapsed: 3330s
    ... ~0.1% done | elapsed: 3360s
    ... ~0.1% done | elapsed: 3390s
    ... ~0.1% done | elapsed: 3420s
    ... ~0.1% done | elapsed: 3450s
    ... ~0.1% done | elapsed: 3480s
    ... ~0.1% done | elapsed: 3510s
    ... ~0.1% done | elapsed: 3540s
    ... ~0.1% done | elapsed: 3570s
    ... ~0.1% done | elapsed: 3600s
    ... ~0.2% done | elapsed: 3630s
    ... ~0.2% done | elapsed: 3660s
    ... ~0.2% done | elapsed: 3690s
    ... ~0.2% done | elapsed: 3720s
    ... ~0.2% done | elapsed: 3750s
    ... ~0.2% done | elapsed: 3780s
    ... ~0.2% done | elapsed: 3810s
    ... ~0.2% done | elapsed: 3840s
    ... ~0.2% done | elapsed: 3870s
    ... ~0.2% done | elapsed: 3900s
    ... ~0.2% done | elapsed: 3930s
    ... ~0.2% done | elapsed: 3960s
    ... ~0.2% done | elapsed: 3990s
    ... ~0.2% done | elapsed: 4020s
    ... ~0.2% done | elapsed: 4050s
    ... ~0.2% done | elapsed: 4080s
    ... ~0.2% done | elapsed: 4110s
    ... ~0.2% done | elapsed: 4140s
    ... ~0.2% done | elapsed: 4170s
    ... ~0.2% done | elapsed: 4200s
    ... ~0.2% done | elapsed: 4230s
    ... ~0.2% done | elapsed: 4260s
    ... ~0.2% done | elapsed: 4290s
    ... ~0.2% done | elapsed: 4320s
    ... ~0.2% done | elapsed: 4350s
    ... ~0.2% done | elapsed: 4380s
    ... ~0.2% done | elapsed: 4410s
    ... ~0.2% done | elapsed: 4440s
    ... ~0.2% done | elapsed: 4470s
    ... ~0.2% done | elapsed: 4500s
    ... ~0.2% done | elapsed: 4530s
    ... ~0.2% done | elapsed: 4560s
    ... ~0.2% done | elapsed: 4590s
    ... ~0.2% done | elapsed: 4620s
    ... ~0.2% done | elapsed: 4650s
    ... ~0.2% done | elapsed: 4680s
    ... ~0.2% done | elapsed: 4710s
    ... ~0.2% done | elapsed: 4740s
    ... ~0.2% done | elapsed: 4770s
    ... ~0.2% done | elapsed: 4800s
    ... ~0.2% done | elapsed: 4830s
    ... ~0.2% done | elapsed: 4860s
    ... ~0.2% done | elapsed: 4890s
    ... ~0.2% done | elapsed: 4920s
    ... ~0.2% done | elapsed: 4950s
    ... ~0.2% done | elapsed: 4980s
    ... ~0.2% done | elapsed: 5010s
    ... ~0.2% done | elapsed: 5040s
    ... ~0.2% done | elapsed: 5070s
    ... ~0.2% done | elapsed: 5100s
    ... ~0.2% done | elapsed: 5130s
    ... ~0.2% done | elapsed: 5160s
    ... ~0.2% done | elapsed: 5190s
    ... ~0.2% done | elapsed: 5220s
    ... ~0.2% done | elapsed: 5250s
    ... ~0.2% done | elapsed: 5280s
    ... ~0.2% done | elapsed: 5310s
    ... ~0.2% done | elapsed: 5340s
    ... ~0.2% done | elapsed: 5370s
    ... ~0.2% done | elapsed: 5400s
    ... ~0.2% done | elapsed: 5430s
    ... ~0.2% done | elapsed: 5460s
    ... ~0.2% done | elapsed: 5490s
    ... ~0.2% done | elapsed: 5520s
    ... ~0.2% done | elapsed: 5550s
    ... ~0.2% done | elapsed: 5580s
    ... ~0.2% done | elapsed: 5610s
    ... ~0.2% done | elapsed: 5640s
    ... ~0.2% done | elapsed: 5670s
    ... ~0.2% done | elapsed: 5700s
    ... ~0.2% done | elapsed: 5730s
    ... ~0.2% done | elapsed: 5760s
    ... ~0.2% done | elapsed: 5790s
    ... ~0.2% done | elapsed: 5820s
    ... ~0.2% done | elapsed: 5850s
    ... ~0.2% done | elapsed: 5880s
    ... ~0.2% done | elapsed: 5910s
    ... ~0.2% done | elapsed: 5940s
    ... ~0.2% done | elapsed: 5970s
    ... ~0.2% done | elapsed: 6000s
    ... ~0.3% done | elapsed: 6030s
    ... ~0.3% done | elapsed: 6060s
    ... ~0.3% done | elapsed: 6090s
    ... ~0.3% done | elapsed: 6120s
    ... ~0.3% done | elapsed: 6150s
    ... ~0.3% done | elapsed: 6180s
    ... ~0.3% done | elapsed: 6210s
    ... ~0.3% done | elapsed: 6240s
    ... ~0.3% done | elapsed: 6270s
    ... ~0.3% done | elapsed: 6300s
    ... ~0.3% done | elapsed: 6330s
    ... ~0.3% done | elapsed: 6360s
    ... ~0.3% done | elapsed: 6390s
    ... ~0.3% done | elapsed: 6420s
    ... ~0.3% done | elapsed: 6450s
    ... ~0.3% done | elapsed: 6480s
    ... ~0.3% done | elapsed: 6510s
    ... ~0.3% done | elapsed: 6540s
    ... ~0.3% done | elapsed: 6570s
    ... ~0.3% done | elapsed: 6600s
    ... ~0.3% done | elapsed: 6630s
    ... ~0.3% done | elapsed: 6660s
    ... ~0.3% done | elapsed: 6690s
    ... ~0.3% done | elapsed: 6720s
    ... ~0.3% done | elapsed: 6750s
    ... ~0.3% done | elapsed: 6780s
    ... ~0.3% done | elapsed: 6810s
    ... ~0.3% done | elapsed: 6840s
    ... ~0.3% done | elapsed: 6870s
    ... ~0.3% done | elapsed: 6900s
    ... ~0.3% done | elapsed: 6930s
    ... ~0.3% done | elapsed: 6960s
    ... ~0.3% done | elapsed: 6990s
    ... ~0.3% done | elapsed: 7020s
    ... ~0.3% done | elapsed: 7050s
    ... ~0.3% done | elapsed: 7080s
    ... ~0.3% done | elapsed: 7110s
    ... ~0.3% done | elapsed: 7140s
    ... ~0.3% done | elapsed: 7170s
    ... ~0.3% done | elapsed: 7200s
    ... ~0.3% done | elapsed: 7230s
    ... ~0.3% done | elapsed: 7260s
    ... ~0.3% done | elapsed: 7290s
    ... ~0.3% done | elapsed: 7320s
    ... ~0.3% done | elapsed: 7350s
    ... ~0.3% done | elapsed: 7380s
    ... ~0.3% done | elapsed: 7410s
    ... ~0.3% done | elapsed: 7440s
    ... ~0.3% done | elapsed: 7470s
    ... ~0.3% done | elapsed: 7500s
    ... ~0.3% done | elapsed: 7530s
    ... ~0.3% done | elapsed: 7560s
    ... ~0.3% done | elapsed: 7590s
    ... ~0.3% done | elapsed: 7620s
    ... ~0.3% done | elapsed: 7650s
    ... ~0.3% done | elapsed: 7680s
    ... ~0.3% done | elapsed: 7710s
    ... ~0.3% done | elapsed: 7740s
    ... ~0.3% done | elapsed: 7770s
    ... ~0.3% done | elapsed: 7800s
    ... ~0.3% done | elapsed: 7830s
    ... ~0.3% done | elapsed: 7860s
    ... ~0.3% done | elapsed: 7890s
    ... ~0.3% done | elapsed: 7920s
    ... ~0.3% done | elapsed: 7950s
    ... ~0.3% done | elapsed: 7980s
    ... ~0.3% done | elapsed: 8010s
    ... ~0.3% done | elapsed: 8040s
    ... ~0.3% done | elapsed: 8070s
    ... ~0.3% done | elapsed: 8100s
    ... ~0.3% done | elapsed: 8130s
    ... ~0.3% done | elapsed: 8160s
    ... ~0.3% done | elapsed: 8190s
    ... ~0.3% done | elapsed: 8220s
    ... ~0.3% done | elapsed: 8250s
    ... ~0.3% done | elapsed: 8280s
    ... ~0.3% done | elapsed: 8310s
    ... ~0.3% done | elapsed: 8340s
    ... ~0.3% done | elapsed: 8370s
    ... ~0.3% done | elapsed: 8400s
    ... ~0.4% done | elapsed: 8430s
    ... ~0.4% done | elapsed: 8460s
    ... ~0.4% done | elapsed: 8490s
    ... ~0.4% done | elapsed: 8520s
    ... ~0.4% done | elapsed: 8550s
    ... ~0.4% done | elapsed: 8580s
    ... ~0.4% done | elapsed: 8610s
    ... ~0.4% done | elapsed: 8640s
    ... ~0.4% done | elapsed: 8670s
    ... ~0.4% done | elapsed: 8700s
    ... ~0.4% done | elapsed: 8730s
    ... ~0.4% done | elapsed: 8760s
    ... ~0.4% done | elapsed: 8790s
    ... ~0.4% done | elapsed: 8820s
    ... ~0.4% done | elapsed: 8850s
    ... ~0.4% done | elapsed: 8880s
    ... ~0.4% done | elapsed: 8910s
    ... ~0.4% done | elapsed: 8940s
    ... ~0.4% done | elapsed: 8970s
    ... ~0.4% done | elapsed: 9000s
    ... ~0.4% done | elapsed: 9030s
    ... ~0.4% done | elapsed: 9060s
    ... ~0.4% done | elapsed: 9090s
    ... ~0.4% done | elapsed: 9120s
    ... ~0.4% done | elapsed: 9150s
    ... ~0.4% done | elapsed: 9180s
    ... ~0.4% done | elapsed: 9210s
    ... ~0.4% done | elapsed: 9240s
    ... ~0.4% done | elapsed: 9270s
    ... ~0.4% done | elapsed: 9300s
    ... ~0.4% done | elapsed: 9330s
    ... ~0.4% done | elapsed: 9360s
    ... ~0.4% done | elapsed: 9390s
    ... ~0.4% done | elapsed: 9420s
    ... ~0.4% done | elapsed: 9450s
    ... ~0.4% done | elapsed: 9480s
    ... ~0.4% done | elapsed: 9510s
    ... ~0.4% done | elapsed: 9540s
    ... ~0.4% done | elapsed: 9570s
    ... ~0.4% done | elapsed: 9600s
    ... ~0.4% done | elapsed: 9630s
    ... ~0.4% done | elapsed: 9660s
    ... ~0.4% done | elapsed: 9690s
    ... ~0.4% done | elapsed: 9720s
    ... ~0.4% done | elapsed: 9750s
    ... ~0.4% done | elapsed: 9780s
    ... ~0.4% done | elapsed: 9810s
    ... ~0.4% done | elapsed: 9840s
    ... ~0.4% done | elapsed: 9870s
    ... ~0.4% done | elapsed: 9900s
    ... ~0.4% done | elapsed: 9930s
    ... ~0.4% done | elapsed: 9960s
    ... ~0.4% done | elapsed: 9990s
    ... ~0.4% done | elapsed: 10020s
    ... ~0.4% done | elapsed: 10050s
    ... ~0.4% done | elapsed: 10080s
    ... ~0.4% done | elapsed: 10110s
    ... ~0.4% done | elapsed: 10140s
    ... ~0.4% done | elapsed: 10170s
    ... ~0.4% done | elapsed: 10200s
    ... ~0.4% done | elapsed: 10230s
    ... ~0.4% done | elapsed: 10260s
    ... ~0.4% done | elapsed: 10290s
    ... ~0.4% done | elapsed: 10320s
    ... ~0.4% done | elapsed: 10350s
    ... ~0.4% done | elapsed: 10380s
    ... ~0.4% done | elapsed: 10410s
    ... ~0.4% done | elapsed: 10440s
    ... ~0.4% done | elapsed: 10470s
    ... ~0.4% done | elapsed: 10500s
    ... ~0.4% done | elapsed: 10530s
    ... ~0.4% done | elapsed: 10560s
    ... ~0.4% done | elapsed: 10590s
    ... ~0.4% done | elapsed: 10620s
    ... ~0.4% done | elapsed: 10650s
    ... ~0.4% done | elapsed: 10680s
    ... ~0.4% done | elapsed: 10710s
    ... ~0.4% done | elapsed: 10740s
    ... ~0.4% done | elapsed: 10770s
    ... ~0.4% done | elapsed: 10800s
    ... ~0.5% done | elapsed: 10830s
    ... ~0.5% done | elapsed: 10860s
    ... ~0.5% done | elapsed: 10890s
    ... ~0.5% done | elapsed: 10920s
    ... ~0.5% done | elapsed: 10950s
    ... ~0.5% done | elapsed: 10980s
    ... ~0.5% done | elapsed: 11010s
    ... ~0.5% done | elapsed: 11040s
    ... ~0.5% done | elapsed: 11070s
    ... ~0.5% done | elapsed: 11100s
    ... ~0.5% done | elapsed: 11130s
    ... ~0.5% done | elapsed: 11160s
    ... ~0.5% done | elapsed: 11190s
    ... ~0.5% done | elapsed: 11220s
    ... ~0.5% done | elapsed: 11250s
    ... ~0.5% done | elapsed: 11280s
    ... ~0.5% done | elapsed: 11310s
    ... ~0.5% done | elapsed: 11340s
    ... ~0.5% done | elapsed: 11370s
    ... ~0.5% done | elapsed: 11400s
    ... ~0.5% done | elapsed: 11430s
    ... ~0.5% done | elapsed: 11460s
    ... ~0.5% done | elapsed: 11490s
    ... ~0.5% done | elapsed: 11520s
    ... ~0.5% done | elapsed: 11550s
    ... ~0.5% done | elapsed: 11580s
    ... ~0.5% done | elapsed: 11610s
    ... ~0.5% done | elapsed: 11640s
    ... ~0.5% done | elapsed: 11670s
    ... ~0.5% done | elapsed: 11700s
    ... ~0.5% done | elapsed: 11730s
    ... ~0.5% done | elapsed: 11760s
    ... ~0.5% done | elapsed: 11790s
    ... ~0.5% done | elapsed: 11820s
    ... ~0.5% done | elapsed: 11850s
    ... ~0.5% done | elapsed: 11880s
    ... ~0.5% done | elapsed: 11910s
    ... ~0.5% done | elapsed: 11940s
    ... ~0.5% done | elapsed: 11970s
    ... ~0.5% done | elapsed: 12000s
    ... ~0.5% done | elapsed: 12030s
    ... ~0.5% done | elapsed: 12060s
    ... ~0.5% done | elapsed: 12090s
    ... ~0.5% done | elapsed: 12120s
    ... ~0.5% done | elapsed: 12150s
    ... ~0.5% done | elapsed: 12180s
    ... ~0.5% done | elapsed: 12210s
    ... ~0.5% done | elapsed: 12240s
    ... ~0.5% done | elapsed: 12270s
    ... ~0.5% done | elapsed: 12300s
    ... ~0.5% done | elapsed: 12330s
    ... ~0.5% done | elapsed: 12360s
    ... ~0.5% done | elapsed: 12390s
    ... ~0.5% done | elapsed: 12420s
    ... ~0.5% done | elapsed: 12450s
    ... ~0.5% done | elapsed: 12480s
    ... ~0.5% done | elapsed: 12510s
    ... ~0.5% done | elapsed: 12540s
    ... ~0.5% done | elapsed: 12570s
    ... ~0.5% done | elapsed: 12600s
    ... ~0.5% done | elapsed: 12630s
    ... ~0.5% done | elapsed: 12660s
    ... ~0.5% done | elapsed: 12690s
    ... ~0.5% done | elapsed: 12720s
    ... ~0.5% done | elapsed: 12750s
    ... ~0.5% done | elapsed: 12780s
    ... ~0.5% done | elapsed: 12810s
    ... ~0.5% done | elapsed: 12840s
    ... ~0.5% done | elapsed: 12870s
    ... ~0.5% done | elapsed: 12900s
    ... ~0.5% done | elapsed: 12930s
    ... ~0.5% done | elapsed: 12960s
    ... ~0.5% done | elapsed: 12990s
    ... ~0.5% done | elapsed: 13020s
    ... ~0.5% done | elapsed: 13050s
    ... ~0.5% done | elapsed: 13080s
    ... ~0.5% done | elapsed: 13110s
    ... ~0.5% done | elapsed: 13140s
    ... ~0.5% done | elapsed: 13170s
    ... ~0.5% done | elapsed: 13200s
    ... ~0.6% done | elapsed: 13230s
    ... ~0.6% done | elapsed: 13260s
    ... ~0.6% done | elapsed: 13290s
    ... ~0.6% done | elapsed: 13320s
    ... ~0.6% done | elapsed: 13350s
    ... ~0.6% done | elapsed: 13380s
    ... ~0.6% done | elapsed: 13410s
    ... ~0.6% done | elapsed: 13440s
    ... ~0.6% done | elapsed: 13470s
    ... ~0.6% done | elapsed: 13500s
    ... ~0.6% done | elapsed: 13530s
    ... ~0.6% done | elapsed: 13560s
    ... ~0.6% done | elapsed: 13590s
    ... ~0.6% done | elapsed: 13620s
    ... ~0.6% done | elapsed: 13650s
    ... ~0.6% done | elapsed: 13680s
    ... ~0.6% done | elapsed: 13710s
    ... ~0.6% done | elapsed: 13740s
    ... ~0.6% done | elapsed: 13770s
    ... ~0.6% done | elapsed: 13800s
    ... ~0.6% done | elapsed: 13830s
    ... ~0.6% done | elapsed: 13860s
    ... ~0.6% done | elapsed: 13890s
    ... ~0.6% done | elapsed: 13920s
    ... ~0.6% done | elapsed: 13950s
    ... ~0.6% done | elapsed: 13980s
    ... ~0.6% done | elapsed: 14010s
    ... ~0.6% done | elapsed: 14040s
    ... ~0.6% done | elapsed: 14070s
    ... ~0.6% done | elapsed: 14100s
    ... ~0.6% done | elapsed: 14130s
    ... ~0.6% done | elapsed: 14160s
    ... ~0.6% done | elapsed: 14190s
    ... ~0.6% done | elapsed: 14220s
    ... ~0.6% done | elapsed: 14250s
    ... ~0.6% done | elapsed: 14280s
    ... ~0.6% done | elapsed: 14310s
    ... ~0.6% done | elapsed: 14340s
    ... ~0.6% done | elapsed: 14370s
    ... ~0.6% done | elapsed: 14400s
    ... ~0.6% done | elapsed: 14430s
    ... ~0.6% done | elapsed: 14460s
    ... ~0.6% done | elapsed: 14490s
    ... ~0.6% done | elapsed: 14520s
    ... ~0.6% done | elapsed: 14550s
    ... ~0.6% done | elapsed: 14580s
    ... ~0.6% done | elapsed: 14610s
    ... ~0.6% done | elapsed: 14640s
    ... ~0.6% done | elapsed: 14670s
    ... ~0.6% done | elapsed: 14700s
    ... ~0.6% done | elapsed: 14730s
    ... ~0.6% done | elapsed: 14760s
    ... ~0.6% done | elapsed: 14790s
    ... ~0.6% done | elapsed: 14820s
    ... ~0.6% done | elapsed: 14850s
    ... ~0.6% done | elapsed: 14880s
    ... ~0.6% done | elapsed: 14910s
    ... ~0.6% done | elapsed: 14940s
    ... ~0.6% done | elapsed: 14970s
    ... ~0.6% done | elapsed: 15000s
    ... ~0.6% done | elapsed: 15030s
    ... ~0.6% done | elapsed: 15060s
    ... ~0.6% done | elapsed: 15090s
    ... ~0.6% done | elapsed: 15120s
    ... ~0.6% done | elapsed: 15150s
    ... ~0.6% done | elapsed: 15180s
    ... ~0.6% done | elapsed: 15210s
    ... ~0.6% done | elapsed: 15240s
    ... ~0.6% done | elapsed: 15270s
    ... ~0.6% done | elapsed: 15300s
    ... ~0.6% done | elapsed: 15330s
    ... ~0.6% done | elapsed: 15360s
    ... ~0.6% done | elapsed: 15390s
    ... ~0.6% done | elapsed: 15420s
    ... ~0.6% done | elapsed: 15450s
    ... ~0.6% done | elapsed: 15480s
    ... ~0.6% done | elapsed: 15510s
    ... ~0.6% done | elapsed: 15540s
    ... ~0.6% done | elapsed: 15570s
    ... ~0.6% done | elapsed: 15600s
    ... ~0.7% done | elapsed: 15630s
    ... ~0.7% done | elapsed: 15660s
    ... ~0.7% done | elapsed: 15690s
    ... ~0.7% done | elapsed: 15720s
    ... ~0.7% done | elapsed: 15750s
    ... ~0.7% done | elapsed: 15780s
    ... ~0.7% done | elapsed: 15810s
    ... ~0.7% done | elapsed: 15840s
    ... ~0.7% done | elapsed: 15870s
    ... ~0.7% done | elapsed: 15900s
    ... ~0.7% done | elapsed: 15930s
    ... ~0.7% done | elapsed: 15960s
    ... ~0.7% done | elapsed: 15990s
    ... ~0.7% done | elapsed: 16020s
    ... ~0.7% done | elapsed: 16050s
    ... ~0.7% done | elapsed: 16080s
    ... ~0.7% done | elapsed: 16110s
    ... ~0.7% done | elapsed: 16140s
    ... ~0.7% done | elapsed: 16170s
    ... ~0.7% done | elapsed: 16200s
    ... ~0.7% done | elapsed: 16230s
    ... ~0.7% done | elapsed: 16260s
    ... ~0.7% done | elapsed: 16290s
    ... ~0.7% done | elapsed: 16320s
    ... ~0.7% done | elapsed: 16350s
    ... ~0.7% done | elapsed: 16380s
    ... ~0.7% done | elapsed: 16410s
    ... ~0.7% done | elapsed: 16440s
    ... ~0.7% done | elapsed: 16470s
    ... ~0.7% done | elapsed: 16500s
    ... ~0.7% done | elapsed: 16530s
    ... ~0.7% done | elapsed: 16560s
    ... ~0.7% done | elapsed: 16590s
    ... ~0.7% done | elapsed: 16620s
    ... ~0.7% done | elapsed: 16650s
    ... ~0.7% done | elapsed: 16680s
    ... ~0.7% done | elapsed: 16710s
    ... ~0.7% done | elapsed: 16740s
    ... ~0.7% done | elapsed: 16770s
    ... ~0.7% done | elapsed: 16800s
    ... ~0.7% done | elapsed: 16830s
    ... ~0.7% done | elapsed: 16860s
    ... ~0.7% done | elapsed: 16890s
    ... ~0.7% done | elapsed: 16920s
    ... ~0.7% done | elapsed: 16950s
    ... ~0.7% done | elapsed: 16980s
    ... ~0.7% done | elapsed: 17010s
    ... ~0.7% done | elapsed: 17040s
    ... ~0.7% done | elapsed: 17070s
    ... ~0.7% done | elapsed: 17100s
    ... ~0.7% done | elapsed: 17130s
    ... ~0.7% done | elapsed: 17160s
    ... ~0.7% done | elapsed: 17190s
    ... ~0.7% done | elapsed: 17220s
    ... ~0.7% done | elapsed: 17250s
    ... ~0.7% done | elapsed: 17280s
    ... ~0.7% done | elapsed: 17310s
    ... ~0.7% done | elapsed: 17340s
    ... ~0.7% done | elapsed: 17370s
    ... ~0.7% done | elapsed: 17400s
    ... ~0.7% done | elapsed: 17430s
    ... ~0.7% done | elapsed: 17460s
    ... ~0.7% done | elapsed: 17490s
    ... ~0.7% done | elapsed: 17520s
    ... ~0.7% done | elapsed: 17550s
    ... ~0.7% done | elapsed: 17580s
    ... ~0.7% done | elapsed: 17610s
    ... ~0.7% done | elapsed: 17640s
    ... ~0.7% done | elapsed: 17670s
    ... ~0.7% done | elapsed: 17700s
    ... ~0.7% done | elapsed: 17730s
    ... ~0.7% done | elapsed: 17760s
    ... ~0.7% done | elapsed: 17790s
    ... ~0.7% done | elapsed: 17820s
    ... ~0.7% done | elapsed: 17850s
    ... ~0.7% done | elapsed: 17880s
    ... ~0.7% done | elapsed: 17910s
    ... ~0.7% done | elapsed: 17940s
    ... ~0.7% done | elapsed: 17970s
    ... ~0.7% done | elapsed: 18000s
    ... ~0.8% done | elapsed: 18030s
    ... ~0.8% done | elapsed: 18060s
    ... ~0.8% done | elapsed: 18090s
    ... ~0.8% done | elapsed: 18120s
    ... ~0.8% done | elapsed: 18150s
    ... ~0.8% done | elapsed: 18180s
    ... ~0.8% done | elapsed: 18210s
    ... ~0.8% done | elapsed: 18240s
    ... ~0.8% done | elapsed: 18270s
    ... ~0.8% done | elapsed: 18300s
    ... ~0.8% done | elapsed: 18330s
    ... ~0.8% done | elapsed: 18360s
    ... ~0.8% done | elapsed: 18390s
    ... ~0.8% done | elapsed: 18420s
    ... ~0.8% done | elapsed: 18450s
    ... ~0.8% done | elapsed: 18480s
    ... ~0.8% done | elapsed: 18510s
    ... ~0.8% done | elapsed: 18540s
    ... ~0.8% done | elapsed: 18570s
    ... ~0.8% done | elapsed: 18600s
    ... ~0.8% done | elapsed: 18630s
    ... ~0.8% done | elapsed: 18660s
    ... ~0.8% done | elapsed: 18690s
    ... ~0.8% done | elapsed: 18720s
    ... ~0.8% done | elapsed: 18750s
    ... ~0.8% done | elapsed: 18780s
    ... ~0.8% done | elapsed: 18810s
    ... ~0.8% done | elapsed: 18840s
    ... ~0.8% done | elapsed: 18870s
    ... ~0.8% done | elapsed: 18900s
    ... ~0.8% done | elapsed: 18930s
    ... ~0.8% done | elapsed: 18960s
    ... ~0.8% done | elapsed: 18990s
    ... ~0.8% done | elapsed: 19020s
    ... ~0.8% done | elapsed: 19050s
    ... ~0.8% done | elapsed: 19080s
    ... ~0.8% done | elapsed: 19110s
    ... ~0.8% done | elapsed: 19140s
    ... ~0.8% done | elapsed: 19170s
    ... ~0.8% done | elapsed: 19200s
    ... ~0.8% done | elapsed: 19230s
    ... ~0.8% done | elapsed: 19260s
    ... ~0.8% done | elapsed: 19290s
    ... ~0.8% done | elapsed: 19320s
    ... ~0.8% done | elapsed: 19350s
    ... ~0.8% done | elapsed: 19380s
    ... ~0.8% done | elapsed: 19410s
    ... ~0.8% done | elapsed: 19440s
    ... ~0.8% done | elapsed: 19470s
    ... ~0.8% done | elapsed: 19500s
    ... ~0.8% done | elapsed: 19530s
    ... ~0.8% done | elapsed: 19560s
    ... ~0.8% done | elapsed: 19590s
    ... ~0.8% done | elapsed: 19620s
    ... ~0.8% done | elapsed: 19650s
    ... ~0.8% done | elapsed: 19680s
    ... ~0.8% done | elapsed: 19710s
    ... ~0.8% done | elapsed: 19740s
    ... ~0.8% done | elapsed: 19770s
    ... ~0.8% done | elapsed: 19800s
    ... ~0.8% done | elapsed: 19830s
    ... ~0.8% done | elapsed: 19860s
    ... ~0.8% done | elapsed: 19890s
    ... ~0.8% done | elapsed: 19920s
    ... ~0.8% done | elapsed: 19950s
    ... ~0.8% done | elapsed: 19980s
    ... ~0.8% done | elapsed: 20010s
    ... ~0.8% done | elapsed: 20040s
    ... ~0.8% done | elapsed: 20070s
    ... ~0.8% done | elapsed: 20100s
    ... ~0.8% done | elapsed: 20130s
    ... ~0.8% done | elapsed: 20160s
    ... ~0.8% done | elapsed: 20190s
    ... ~0.8% done | elapsed: 20220s
    ... ~0.8% done | elapsed: 20250s
    ... ~0.8% done | elapsed: 20280s
    ... ~0.8% done | elapsed: 20310s
    ... ~0.8% done | elapsed: 20340s
    ... ~0.8% done | elapsed: 20370s
    ... ~0.8% done | elapsed: 20400s
    ... ~0.9% done | elapsed: 20430s
    ... ~0.9% done | elapsed: 20460s
    ... ~0.9% done | elapsed: 20490s
    ... ~0.9% done | elapsed: 20520s
    ... ~0.9% done | elapsed: 20550s
    ... ~0.9% done | elapsed: 20580s
    ... ~0.9% done | elapsed: 20610s
    ... ~0.9% done | elapsed: 20640s
    ... ~0.9% done | elapsed: 20670s
    ... ~0.9% done | elapsed: 20700s
    ... ~0.9% done | elapsed: 20730s
    ... ~0.9% done | elapsed: 20760s
    ... ~0.9% done | elapsed: 20790s
    ... ~0.9% done | elapsed: 20820s
    ... ~0.9% done | elapsed: 20850s
    ... ~0.9% done | elapsed: 20880s
    ... ~0.9% done | elapsed: 20910s
    ... ~0.9% done | elapsed: 20940s
    ... ~0.9% done | elapsed: 20970s
    ... ~0.9% done | elapsed: 21000s
    ... ~0.9% done | elapsed: 21030s
    ... ~0.9% done | elapsed: 21060s
    ... ~0.9% done | elapsed: 21090s
    ... ~0.9% done | elapsed: 21120s
    ... ~0.9% done | elapsed: 21150s
    ... ~0.9% done | elapsed: 21180s
    ... ~0.9% done | elapsed: 21210s
    ... ~0.9% done | elapsed: 21240s
    ... ~0.9% done | elapsed: 21270s
    ... ~0.9% done | elapsed: 21300s
    ... ~0.9% done | elapsed: 21330s
    ... ~0.9% done | elapsed: 21360s
    ... ~0.9% done | elapsed: 21390s
    ... ~0.9% done | elapsed: 21420s
    ... ~0.9% done | elapsed: 21450s
    ... ~0.9% done | elapsed: 21480s
    ... ~0.9% done | elapsed: 21510s
    ... ~0.9% done | elapsed: 21540s
    ... ~0.9% done | elapsed: 21570s
    ... ~0.9% done | elapsed: 21600s
    ... ~0.9% done | elapsed: 21630s
    ... ~0.9% done | elapsed: 21660s
    ... ~0.9% done | elapsed: 21690s
    ... ~0.9% done | elapsed: 21720s
    ... ~0.9% done | elapsed: 21750s
    ... ~0.9% done | elapsed: 21780s
    ... ~0.9% done | elapsed: 21810s
    ... ~0.9% done | elapsed: 21840s
    ... ~0.9% done | elapsed: 21870s
    ... ~0.9% done | elapsed: 21900s
    ... ~0.9% done | elapsed: 21930s
    ... ~0.9% done | elapsed: 21960s
    ... ~0.9% done | elapsed: 21990s
    ... ~0.9% done | elapsed: 22020s
    ... ~0.9% done | elapsed: 22050s
    ... ~0.9% done | elapsed: 22080s
    ... ~0.9% done | elapsed: 22110s
    ... ~0.9% done | elapsed: 22140s
    ... ~0.9% done | elapsed: 22170s
    ... ~0.9% done | elapsed: 22200s
    ... ~0.9% done | elapsed: 22230s
    ... ~0.9% done | elapsed: 22260s
    ... ~0.9% done | elapsed: 22290s
    ... ~0.9% done | elapsed: 22320s
    ... ~0.9% done | elapsed: 22350s
    ... ~0.9% done | elapsed: 22380s
    ... ~0.9% done | elapsed: 22410s
    ... ~0.9% done | elapsed: 22440s
    ... ~0.9% done | elapsed: 22470s
    ... ~0.9% done | elapsed: 22500s
    ... ~0.9% done | elapsed: 22530s
    ... ~0.9% done | elapsed: 22560s
    ... ~0.9% done | elapsed: 22590s
    ... ~0.9% done | elapsed: 22620s
    ... ~0.9% done | elapsed: 22650s
    ... ~0.9% done | elapsed: 22680s
    ... ~0.9% done | elapsed: 22710s
    ... ~0.9% done | elapsed: 22740s
    ... ~0.9% done | elapsed: 22770s
    ... ~0.9% done | elapsed: 22800s
    ... ~1.0% done | elapsed: 22830s
    ... ~1.0% done | elapsed: 22860s
    ... ~1.0% done | elapsed: 22890s
    ... ~1.0% done | elapsed: 22920s
    ... ~1.0% done | elapsed: 22950s
    ... ~1.0% done | elapsed: 22980s
    ... ~1.0% done | elapsed: 23010s
    ... ~1.0% done | elapsed: 23040s
    ... ~1.0% done | elapsed: 23070s
    ... ~1.0% done | elapsed: 23100s
    ... ~1.0% done | elapsed: 23130s
    ... ~1.0% done | elapsed: 23160s
    ... ~1.0% done | elapsed: 23190s
    ... ~1.0% done | elapsed: 23220s
    ... ~1.0% done | elapsed: 23250s
    ... ~1.0% done | elapsed: 23280s
    ... ~1.0% done | elapsed: 23310s
    ... ~1.0% done | elapsed: 23340s
    ... ~1.0% done | elapsed: 23370s
    ... ~1.0% done | elapsed: 23400s
    ... ~1.0% done | elapsed: 23430s
    ... ~1.0% done | elapsed: 23460s
    ... ~1.0% done | elapsed: 23490s
    ... ~1.0% done | elapsed: 23520s
    ... ~1.0% done | elapsed: 23550s
    ... ~1.0% done | elapsed: 23580s
    ... ~1.0% done | elapsed: 23610s
    ... ~1.0% done | elapsed: 23640s
    ... ~1.0% done | elapsed: 23670s
    ... ~1.0% done | elapsed: 23700s
    ... ~1.0% done | elapsed: 23730s
    ... ~1.0% done | elapsed: 23760s
    ... ~1.0% done | elapsed: 23790s
    ... ~1.0% done | elapsed: 23820s
    ... ~1.0% done | elapsed: 23850s
    ... ~1.0% done | elapsed: 23880s
    ... ~1.0% done | elapsed: 23910s
    ... ~1.0% done | elapsed: 23940s
    ... ~1.0% done | elapsed: 23970s
    ... ~1.0% done | elapsed: 24000s
    ... ~1.0% done | elapsed: 24030s
    ... ~1.0% done | elapsed: 24060s
    ... ~1.0% done | elapsed: 24090s
    ... ~1.0% done | elapsed: 24120s
    ... ~1.0% done | elapsed: 24150s
    ... ~1.0% done | elapsed: 24180s
    ... ~1.0% done | elapsed: 24210s
    ... ~1.0% done | elapsed: 24240s
    ... ~1.0% done | elapsed: 24270s
    ... ~1.0% done | elapsed: 24300s
    ... ~1.0% done | elapsed: 24330s
    ... ~1.0% done | elapsed: 24360s
    ... ~1.0% done | elapsed: 24390s
    ... ~1.0% done | elapsed: 24420s
    ... ~1.0% done | elapsed: 24450s
    ... ~1.0% done | elapsed: 24480s
    ... ~1.0% done | elapsed: 24510s
    ... ~1.0% done | elapsed: 24540s
    ... ~1.0% done | elapsed: 24570s
    ... ~1.0% done | elapsed: 24600s
    ... ~1.0% done | elapsed: 24630s
    ... ~1.0% done | elapsed: 24660s
    ... ~1.0% done | elapsed: 24690s
    ... ~1.0% done | elapsed: 24720s
    ... ~1.0% done | elapsed: 24750s
    ... ~1.0% done | elapsed: 24780s
    ... ~1.0% done | elapsed: 24810s
    ... ~1.0% done | elapsed: 24840s
    ... ~1.0% done | elapsed: 24870s
    ... ~1.0% done | elapsed: 24900s
    ... ~1.0% done | elapsed: 24930s
    ... ~1.0% done | elapsed: 24960s
    ... ~1.0% done | elapsed: 24990s
    ... ~1.0% done | elapsed: 25020s
    ... ~1.0% done | elapsed: 25050s
    ... ~1.0% done | elapsed: 25080s
    ... ~1.0% done | elapsed: 25110s
    ... ~1.0% done | elapsed: 25140s
    ... ~1.0% done | elapsed: 25170s
    ... ~1.0% done | elapsed: 25200s
    ... ~1.1% done | elapsed: 25230s
    ... ~1.1% done | elapsed: 25260s
    ... ~1.1% done | elapsed: 25290s
    ... ~1.1% done | elapsed: 25320s
    ... ~1.1% done | elapsed: 25350s
    ... ~1.1% done | elapsed: 25380s
    ... ~1.1% done | elapsed: 25410s
    ... ~1.1% done | elapsed: 25440s
    ... ~1.1% done | elapsed: 25470s
    ... ~1.1% done | elapsed: 25500s
    ... ~1.1% done | elapsed: 25530s
    ... ~1.1% done | elapsed: 25560s
    ... ~1.1% done | elapsed: 25590s
    ... ~1.1% done | elapsed: 25620s
    ... ~1.1% done | elapsed: 25650s
    ... ~1.1% done | elapsed: 25680s
    ... ~1.1% done | elapsed: 25710s
    ... ~1.1% done | elapsed: 25740s
    ... ~1.1% done | elapsed: 25770s
    ... ~1.1% done | elapsed: 25800s
    ... ~1.1% done | elapsed: 25830s
    ... ~1.1% done | elapsed: 25860s
    ... ~1.1% done | elapsed: 25890s
    ... ~1.1% done | elapsed: 25920s
    ... ~1.1% done | elapsed: 25950s
    ... ~1.1% done | elapsed: 25980s
    ... ~1.1% done | elapsed: 26010s
    ... ~1.1% done | elapsed: 26040s
    ... ~1.1% done | elapsed: 26070s
    ... ~1.1% done | elapsed: 26100s
    ... ~1.1% done | elapsed: 26130s
    ... ~1.1% done | elapsed: 26160s
    ... ~1.1% done | elapsed: 26190s
    ... ~1.1% done | elapsed: 26220s
    ... ~1.1% done | elapsed: 26250s
    ... ~1.1% done | elapsed: 26280s
    ... ~1.1% done | elapsed: 26310s
    ... ~1.1% done | elapsed: 26340s
    ... ~1.1% done | elapsed: 26370s
    ... ~1.1% done | elapsed: 26400s
    ... ~1.1% done | elapsed: 26430s
    ... ~1.1% done | elapsed: 26460s
    ... ~1.1% done | elapsed: 26490s
    ... ~1.1% done | elapsed: 26520s
    ... ~1.1% done | elapsed: 26550s
    ... ~1.1% done | elapsed: 26580s
    ... ~1.1% done | elapsed: 26610s
    ... ~1.1% done | elapsed: 26640s
    ... ~1.1% done | elapsed: 26670s
    ... ~1.1% done | elapsed: 26700s
    ... ~1.1% done | elapsed: 26730s
    ... ~1.1% done | elapsed: 26760s
    ... ~1.1% done | elapsed: 26790s
    ... ~1.1% done | elapsed: 26820s
    ... ~1.1% done | elapsed: 26850s
    ... ~1.1% done | elapsed: 26880s
    ... ~1.1% done | elapsed: 26910s
    ... ~1.1% done | elapsed: 26940s
    ... ~1.1% done | elapsed: 26970s
    ... ~1.1% done | elapsed: 27000s
    ... ~1.1% done | elapsed: 27030s
    ... ~1.1% done | elapsed: 27060s
    ... ~1.1% done | elapsed: 27090s
    ... ~1.1% done | elapsed: 27120s
    ... ~1.1% done | elapsed: 27150s
    ... ~1.1% done | elapsed: 27180s
    ... ~1.1% done | elapsed: 27210s
    ... ~1.1% done | elapsed: 27240s
    ... ~1.1% done | elapsed: 27270s
    ... ~1.1% done | elapsed: 27300s
    ... ~1.1% done | elapsed: 27330s
    ... ~1.1% done | elapsed: 27360s
    ... ~1.1% done | elapsed: 27390s
    ... ~1.1% done | elapsed: 27420s
    ... ~1.1% done | elapsed: 27450s
    ... ~1.1% done | elapsed: 27480s
    ... ~1.1% done | elapsed: 27510s
    ... ~1.1% done | elapsed: 27540s
    ... ~1.1% done | elapsed: 27570s
    ... ~1.1% done | elapsed: 27600s
    ... ~1.2% done | elapsed: 27630s
    ... ~1.2% done | elapsed: 27660s
    ... ~1.2% done | elapsed: 27690s
    ... ~1.2% done | elapsed: 27720s
    ... ~1.2% done | elapsed: 27750s
    ... ~1.2% done | elapsed: 27780s
    ... ~1.2% done | elapsed: 27810s
    ... ~1.2% done | elapsed: 27840s
    ... ~1.2% done | elapsed: 27870s
    ... ~1.2% done | elapsed: 27900s
    ... ~1.2% done | elapsed: 27930s
    ... ~1.2% done | elapsed: 27960s
    ... ~1.2% done | elapsed: 27990s
    ... ~1.2% done | elapsed: 28020s
    ... ~1.2% done | elapsed: 28050s
    ... ~1.2% done | elapsed: 28080s
    ... ~1.2% done | elapsed: 28110s
    ... ~1.2% done | elapsed: 28140s
    ... ~1.2% done | elapsed: 28170s
    ... ~1.2% done | elapsed: 28200s
    ... ~1.2% done | elapsed: 28230s
    ... ~1.2% done | elapsed: 28260s
    ... ~1.2% done | elapsed: 28290s
    ... ~1.2% done | elapsed: 28320s
    ... ~1.2% done | elapsed: 28350s
    ... ~1.2% done | elapsed: 28380s
    ... ~1.2% done | elapsed: 28410s
    ... ~1.2% done | elapsed: 28440s
    ... ~1.2% done | elapsed: 28470s
    ... ~1.2% done | elapsed: 28500s
    ... ~1.2% done | elapsed: 28530s
    ... ~1.2% done | elapsed: 28560s
    ... ~1.2% done | elapsed: 28590s
    ... ~1.2% done | elapsed: 28620s
    ... ~1.2% done | elapsed: 28650s
    ... ~1.2% done | elapsed: 28680s
    ... ~1.2% done | elapsed: 28710s
    ... ~1.2% done | elapsed: 28740s
    ... ~1.2% done | elapsed: 28770s
    ... ~1.2% done | elapsed: 28800s
    ... ~1.2% done | elapsed: 28830s
    ... ~1.2% done | elapsed: 28860s
    ... ~1.2% done | elapsed: 28890s
    ... ~1.2% done | elapsed: 28920s
    ... ~1.2% done | elapsed: 28950s
    ... ~1.2% done | elapsed: 28980s
    ... ~1.2% done | elapsed: 29010s
    ... ~1.2% done | elapsed: 29040s
    ... ~1.2% done | elapsed: 29070s
    ... ~1.2% done | elapsed: 29100s
    ... ~1.2% done | elapsed: 29130s
    ... ~1.2% done | elapsed: 29160s
    ... ~1.2% done | elapsed: 29190s
    ... ~1.2% done | elapsed: 29220s
    ... ~1.2% done | elapsed: 29250s
    ... ~1.2% done | elapsed: 29280s
    ... ~1.2% done | elapsed: 29310s
    ... ~1.2% done | elapsed: 29340s
    ... ~1.2% done | elapsed: 29370s
    ... ~1.2% done | elapsed: 29400s
    ... ~1.2% done | elapsed: 29430s
    ... ~1.2% done | elapsed: 29460s
    ... ~1.2% done | elapsed: 29490s
    ... ~1.2% done | elapsed: 29520s
    ... ~1.2% done | elapsed: 29550s
    ... ~1.2% done | elapsed: 29580s
    ... ~1.2% done | elapsed: 29610s
    ... ~1.2% done | elapsed: 29640s
    ... ~1.2% done | elapsed: 29670s
    ... ~1.2% done | elapsed: 29700s
    ... ~1.2% done | elapsed: 29730s
    ... ~1.2% done | elapsed: 29760s
    ... ~1.2% done | elapsed: 29790s
    ... ~1.2% done | elapsed: 29820s
    ... ~1.2% done | elapsed: 29850s
    ... ~1.2% done | elapsed: 29880s
    ... ~1.2% done | elapsed: 29910s
    ... ~1.2% done | elapsed: 29940s
    ... ~1.2% done | elapsed: 29970s
    ... ~1.2% done | elapsed: 30000s
    ... ~1.3% done | elapsed: 30030s
    ... ~1.3% done | elapsed: 30060s
    ... ~1.3% done | elapsed: 30090s
    ... ~1.3% done | elapsed: 30120s
    ... ~1.3% done | elapsed: 30150s
    ... ~1.3% done | elapsed: 30180s
    ... ~1.3% done | elapsed: 30210s
    ... ~1.3% done | elapsed: 30240s
    ... ~1.3% done | elapsed: 30270s
    ... ~1.3% done | elapsed: 30300s
    ... ~1.3% done | elapsed: 30330s
    ... ~1.3% done | elapsed: 30360s
    ... ~1.3% done | elapsed: 30390s
    ... ~1.3% done | elapsed: 30420s
    ... ~1.3% done | elapsed: 30450s
    ... ~1.3% done | elapsed: 30480s
    ... ~1.3% done | elapsed: 30510s
    ... ~1.3% done | elapsed: 30540s
    ... ~1.3% done | elapsed: 30570s
    ... ~1.3% done | elapsed: 30600s
    ... ~1.3% done | elapsed: 30630s
    ... ~1.3% done | elapsed: 30660s
    ... ~1.3% done | elapsed: 30690s
    ... ~1.3% done | elapsed: 30720s
    ... ~1.3% done | elapsed: 30750s
    ... ~1.3% done | elapsed: 30780s
    ... ~1.3% done | elapsed: 30810s
    ... ~1.3% done | elapsed: 30840s
    ... ~1.3% done | elapsed: 30870s
    ... ~1.3% done | elapsed: 30900s
    ... ~1.3% done | elapsed: 30930s
    ... ~1.3% done | elapsed: 30960s
    ... ~1.3% done | elapsed: 30990s
    ... ~1.3% done | elapsed: 31020s
    ... ~1.3% done | elapsed: 31050s
    ... ~1.3% done | elapsed: 31080s
    ... ~1.3% done | elapsed: 31110s
    ... ~1.3% done | elapsed: 31140s
    ... ~1.3% done | elapsed: 31170s
    ... ~1.3% done | elapsed: 31200s
    ... ~1.3% done | elapsed: 31230s
    ... ~1.3% done | elapsed: 31260s
    ... ~1.3% done | elapsed: 31290s
    ... ~1.3% done | elapsed: 31320s
    ... ~1.3% done | elapsed: 31350s
    ... ~1.3% done | elapsed: 31380s
    ... ~1.3% done | elapsed: 31410s
    ... ~1.3% done | elapsed: 31440s
    ... ~1.3% done | elapsed: 31470s
    ... ~1.3% done | elapsed: 31500s
    ... ~1.3% done | elapsed: 31530s
    ... ~1.3% done | elapsed: 31560s
    ... ~1.3% done | elapsed: 31590s
    ... ~1.3% done | elapsed: 31620s
    ... ~1.3% done | elapsed: 31650s
    ... ~1.3% done | elapsed: 31680s
    ... ~1.3% done | elapsed: 31710s
    ... ~1.3% done | elapsed: 31740s
    ... ~1.3% done | elapsed: 31770s
    ... ~1.3% done | elapsed: 31800s
    ... ~1.3% done | elapsed: 31830s
    ... ~1.3% done | elapsed: 31860s
    ... ~1.3% done | elapsed: 31890s
    ... ~1.3% done | elapsed: 31920s
    ... ~1.3% done | elapsed: 31950s
    ... ~1.3% done | elapsed: 31980s
    ... ~1.3% done | elapsed: 32010s
    ... ~1.3% done | elapsed: 32040s
    ... ~1.3% done | elapsed: 32070s
    ... ~1.3% done | elapsed: 32100s
    ... ~1.3% done | elapsed: 32130s
    ... ~1.3% done | elapsed: 32160s
    ... ~1.3% done | elapsed: 32190s
    ... ~1.3% done | elapsed: 32220s
    ... ~1.3% done | elapsed: 32250s
    ... ~1.3% done | elapsed: 32280s
    ... ~1.3% done | elapsed: 32310s
    ... ~1.3% done | elapsed: 32340s
    ... ~1.3% done | elapsed: 32370s
    ... ~1.3% done | elapsed: 32400s
    ... ~1.3% done | elapsed: 32430s
    ... ~1.4% done | elapsed: 32460s
    ... ~1.4% done | elapsed: 32490s
    ... ~1.4% done | elapsed: 32520s
    ... ~1.4% done | elapsed: 32550s
    ... ~1.4% done | elapsed: 32580s
    ... ~1.4% done | elapsed: 32610s
    ... ~1.4% done | elapsed: 32640s
    ... ~1.4% done | elapsed: 32670s
    ... ~1.4% done | elapsed: 32700s
    ... ~1.4% done | elapsed: 32730s
    ... ~1.4% done | elapsed: 32760s
    ... ~1.4% done | elapsed: 32790s
    ... ~1.4% done | elapsed: 32820s
    ... ~1.4% done | elapsed: 32850s
    ... ~1.4% done | elapsed: 32880s
    ... ~1.4% done | elapsed: 32910s
    ... ~1.4% done | elapsed: 32940s
    ... ~1.4% done | elapsed: 32970s
    ... ~1.4% done | elapsed: 33000s
    ... ~1.4% done | elapsed: 33030s
    ... ~1.4% done | elapsed: 33060s
    ... ~1.4% done | elapsed: 33090s
    ... ~1.4% done | elapsed: 33120s
    ... ~1.4% done | elapsed: 33150s
    ... ~1.4% done | elapsed: 33180s
    ... ~1.4% done | elapsed: 33210s
    ... ~1.4% done | elapsed: 33240s
    ... ~1.4% done | elapsed: 33270s
    ... ~1.4% done | elapsed: 33300s
    ... ~1.4% done | elapsed: 33330s
    ... ~1.4% done | elapsed: 33360s
    ... ~1.4% done | elapsed: 33390s
    ... ~1.4% done | elapsed: 33420s
    ... ~1.4% done | elapsed: 33450s
    ... ~1.4% done | elapsed: 33480s
    ... ~1.4% done | elapsed: 33510s
    ... ~1.4% done | elapsed: 33540s
    ... ~1.4% done | elapsed: 33570s
    ... ~1.4% done | elapsed: 33600s
    ... ~1.4% done | elapsed: 33630s
    ... ~1.4% done | elapsed: 33660s
    ... ~1.4% done | elapsed: 33690s
    ... ~1.4% done | elapsed: 33720s
    ... ~1.4% done | elapsed: 33750s
    ... ~1.4% done | elapsed: 33780s
    ... ~1.4% done | elapsed: 33810s
    ... ~1.4% done | elapsed: 33840s
    ... ~1.4% done | elapsed: 33870s
    ... ~1.4% done | elapsed: 33900s
    ... ~1.4% done | elapsed: 33930s
    ... ~1.4% done | elapsed: 33960s
    ... ~1.4% done | elapsed: 33990s
    ... ~1.4% done | elapsed: 34020s
    ... ~1.4% done | elapsed: 34050s
    ... ~1.4% done | elapsed: 34080s
    ... ~1.4% done | elapsed: 34110s
    ... ~1.4% done | elapsed: 34140s
    ... ~1.4% done | elapsed: 34170s
    ... ~1.4% done | elapsed: 34200s
    ... ~1.4% done | elapsed: 34230s
    ... ~1.4% done | elapsed: 34260s
    ... ~1.4% done | elapsed: 34290s
    ... ~1.4% done | elapsed: 34320s
    ... ~1.4% done | elapsed: 34350s
    ... ~1.4% done | elapsed: 34380s
    ... ~1.4% done | elapsed: 34410s
    ... ~1.4% done | elapsed: 34440s
    ... ~1.4% done | elapsed: 34470s
    ... ~1.4% done | elapsed: 34500s
    ... ~1.4% done | elapsed: 34530s
    ... ~1.4% done | elapsed: 34560s
    ... ~1.4% done | elapsed: 34590s
    ... ~1.4% done | elapsed: 34620s
    ... ~1.4% done | elapsed: 34650s
    ... ~1.4% done | elapsed: 34680s
    ... ~1.4% done | elapsed: 34710s
    ... ~1.4% done | elapsed: 34740s
    ... ~1.4% done | elapsed: 34770s
    ... ~1.4% done | elapsed: 34800s
    ... ~1.4% done | elapsed: 34830s
    ... ~1.5% done | elapsed: 34860s
    ... ~1.5% done | elapsed: 34890s
    ... ~1.5% done | elapsed: 34920s
    ... ~1.5% done | elapsed: 34950s
    ... ~1.5% done | elapsed: 34980s
    ... ~1.5% done | elapsed: 35010s
    ... ~1.5% done | elapsed: 35040s
    ... ~1.5% done | elapsed: 35070s
    ... ~1.5% done | elapsed: 35100s
    ... ~1.5% done | elapsed: 35130s
    ... ~1.5% done | elapsed: 35160s
    ... ~1.5% done | elapsed: 35190s
    ... ~1.5% done | elapsed: 35220s
    ... ~1.5% done | elapsed: 35250s
    ... ~1.5% done | elapsed: 35280s
    ... ~1.5% done | elapsed: 35310s
    ... ~1.5% done | elapsed: 35340s
    ... ~1.5% done | elapsed: 35370s
    ... ~1.5% done | elapsed: 35400s
    ... ~1.5% done | elapsed: 35430s
    ... ~1.5% done | elapsed: 35460s
    ... ~1.5% done | elapsed: 35490s
    ... ~1.5% done | elapsed: 35520s
    ... ~1.5% done | elapsed: 35550s
    ... ~1.5% done | elapsed: 35580s
    ... ~1.5% done | elapsed: 35610s
    ... ~1.5% done | elapsed: 35640s
    ... ~1.5% done | elapsed: 35670s
    ... ~1.5% done | elapsed: 35700s
    ... ~1.5% done | elapsed: 35730s
    ... ~1.5% done | elapsed: 35760s
    ... ~1.5% done | elapsed: 35790s
    ... ~1.5% done | elapsed: 35820s
    ... ~1.5% done | elapsed: 35850s
    ... ~1.5% done | elapsed: 35880s
    ... ~1.5% done | elapsed: 35910s
    ... ~1.5% done | elapsed: 35940s
    ... ~1.5% done | elapsed: 35970s
    ... ~1.5% done | elapsed: 36000s
    ... ~1.5% done | elapsed: 36030s
    ... ~1.5% done | elapsed: 36060s
    ... ~1.5% done | elapsed: 36090s
    ... ~1.5% done | elapsed: 36120s
    ... ~1.5% done | elapsed: 36150s
    ... ~1.5% done | elapsed: 36180s
    ... ~1.5% done | elapsed: 36210s
    ... ~1.5% done | elapsed: 36240s
    ... ~1.5% done | elapsed: 36270s
    ... ~1.5% done | elapsed: 36300s
    ... ~1.5% done | elapsed: 36330s
    ... ~1.5% done | elapsed: 36360s
    ... ~1.5% done | elapsed: 36390s
    ... ~1.5% done | elapsed: 36420s
    ... ~1.5% done | elapsed: 36450s
    ... ~1.5% done | elapsed: 36480s
    ... ~1.5% done | elapsed: 36510s
    ... ~1.5% done | elapsed: 36540s
    ... ~1.5% done | elapsed: 36570s
    ... ~1.5% done | elapsed: 36600s
    ... ~1.5% done | elapsed: 36630s
    ... ~1.5% done | elapsed: 36660s
    ... ~1.5% done | elapsed: 36690s
    ... ~1.5% done | elapsed: 36720s
    ... ~1.5% done | elapsed: 36750s
    ... ~1.5% done | elapsed: 36780s
    ... ~1.5% done | elapsed: 36810s
    ... ~1.5% done | elapsed: 36840s
    ... ~1.5% done | elapsed: 36870s
    ... ~1.5% done | elapsed: 36900s
    ... ~1.5% done | elapsed: 36930s
    ... ~1.5% done | elapsed: 36960s
    ... ~1.5% done | elapsed: 36990s
    ... ~1.5% done | elapsed: 37020s
    ... ~1.5% done | elapsed: 37050s
    ... ~1.5% done | elapsed: 37080s
    ... ~1.5% done | elapsed: 37110s
    ... ~1.5% done | elapsed: 37140s
    ... ~1.5% done | elapsed: 37170s
    ... ~1.5% done | elapsed: 37200s
    ... ~1.5% done | elapsed: 37230s
    ... ~1.6% done | elapsed: 37260s
    ... ~1.6% done | elapsed: 37290s
    ... ~1.6% done | elapsed: 37320s
    ... ~1.6% done | elapsed: 37350s
    ... ~1.6% done | elapsed: 37380s
    ... ~1.6% done | elapsed: 37410s
    ... ~1.6% done | elapsed: 37440s
    ... ~1.6% done | elapsed: 37470s
    ... ~1.6% done | elapsed: 37500s
    ... ~1.6% done | elapsed: 37530s
    ... ~1.6% done | elapsed: 37560s
    ... ~1.6% done | elapsed: 37590s
    ... ~1.6% done | elapsed: 37620s
    ... ~1.6% done | elapsed: 37650s
    ... ~1.6% done | elapsed: 37680s
    ... ~1.6% done | elapsed: 37710s
    ... ~1.6% done | elapsed: 37740s
    ... ~1.6% done | elapsed: 37770s
    ... ~1.6% done | elapsed: 37800s
    ... ~1.6% done | elapsed: 37830s
    ... ~1.6% done | elapsed: 37860s
    ... ~1.6% done | elapsed: 37890s
    ... ~1.6% done | elapsed: 37920s
    ... ~1.6% done | elapsed: 37950s
    ... ~1.6% done | elapsed: 37980s
    ... ~1.6% done | elapsed: 38010s
    ... ~1.6% done | elapsed: 38040s
    ... ~1.6% done | elapsed: 38070s
    ... ~1.6% done | elapsed: 38100s
    ... ~1.6% done | elapsed: 38130s
    ... ~1.6% done | elapsed: 38160s
    ... ~1.6% done | elapsed: 38190s
    ... ~1.6% done | elapsed: 38220s
    ... ~1.6% done | elapsed: 38250s
    ... ~1.6% done | elapsed: 38280s
    ... ~1.6% done | elapsed: 38310s
    ... ~1.6% done | elapsed: 38340s
    ... ~1.6% done | elapsed: 38370s
    ... ~1.6% done | elapsed: 38400s
    ... ~1.6% done | elapsed: 38430s
    ... ~1.6% done | elapsed: 38460s
    ... ~1.6% done | elapsed: 38490s
    ... ~1.6% done | elapsed: 38520s
    ... ~1.6% done | elapsed: 38550s
    ... ~1.6% done | elapsed: 38580s
    ... ~1.6% done | elapsed: 38610s
    ... ~1.6% done | elapsed: 38640s
    ... ~1.6% done | elapsed: 38670s
    ... ~1.6% done | elapsed: 38700s
    ... ~1.6% done | elapsed: 38730s
    ... ~1.6% done | elapsed: 38760s
    ... ~1.6% done | elapsed: 38790s
    ... ~1.6% done | elapsed: 38820s
    ... ~1.6% done | elapsed: 38850s
    ... ~1.6% done | elapsed: 38880s
    ... ~1.6% done | elapsed: 38910s
    ... ~1.6% done | elapsed: 38940s
    ... ~1.6% done | elapsed: 38970s
    ... ~1.6% done | elapsed: 39000s
    ... ~1.6% done | elapsed: 39030s
    ... ~1.6% done | elapsed: 39060s
    ... ~1.6% done | elapsed: 39090s
    ... ~1.6% done | elapsed: 39120s
    ... ~1.6% done | elapsed: 39150s
    ... ~1.6% done | elapsed: 39180s
    ... ~1.6% done | elapsed: 39210s
    ... ~1.6% done | elapsed: 39240s
    ... ~1.6% done | elapsed: 39270s
    ... ~1.6% done | elapsed: 39300s
    ... ~1.6% done | elapsed: 39330s
    ... ~1.6% done | elapsed: 39360s
    ... ~1.6% done | elapsed: 39390s
    ... ~1.6% done | elapsed: 39420s
    ... ~1.6% done | elapsed: 39450s
    ... ~1.6% done | elapsed: 39480s
    ... ~1.6% done | elapsed: 39510s
    ... ~1.6% done | elapsed: 39540s
    ... ~1.6% done | elapsed: 39570s
    ... ~1.6% done | elapsed: 39600s
    ... ~1.6% done | elapsed: 39630s
    ... ~1.7% done | elapsed: 39660s
    ... ~1.7% done | elapsed: 39690s
    ... ~1.7% done | elapsed: 39720s
    ... ~1.7% done | elapsed: 39750s
    ... ~1.7% done | elapsed: 39780s
    ... ~1.7% done | elapsed: 39810s
    ... ~1.7% done | elapsed: 39840s
    ... ~1.7% done | elapsed: 39870s
    ... ~1.7% done | elapsed: 39900s
    ... ~1.7% done | elapsed: 39930s
    ... ~1.7% done | elapsed: 39960s
    ... ~1.7% done | elapsed: 39990s
    ... ~1.7% done | elapsed: 40020s
    ... ~1.7% done | elapsed: 40050s
    ... ~1.7% done | elapsed: 40080s
    ... ~1.7% done | elapsed: 40110s
    ... ~1.7% done | elapsed: 40140s
    ... ~1.7% done | elapsed: 40170s
    ... ~1.7% done | elapsed: 40200s
    ... ~1.7% done | elapsed: 40230s
    ... ~1.7% done | elapsed: 40260s
    ... ~1.7% done | elapsed: 40290s
    ... ~1.7% done | elapsed: 40320s
    ... ~1.7% done | elapsed: 40350s
    ... ~1.7% done | elapsed: 40380s
    ... ~1.7% done | elapsed: 40410s
    ... ~1.7% done | elapsed: 40440s
    ... ~1.7% done | elapsed: 40470s
    ... ~1.7% done | elapsed: 40500s
    ... ~1.7% done | elapsed: 40530s
    ... ~1.7% done | elapsed: 40560s
    ... ~1.7% done | elapsed: 40590s
    ... ~1.7% done | elapsed: 40620s
    ... ~1.7% done | elapsed: 40650s
    ... ~1.7% done | elapsed: 40680s
    ... ~1.7% done | elapsed: 40710s
    ... ~1.7% done | elapsed: 40740s
    ... ~1.7% done | elapsed: 40770s
    ... ~1.7% done | elapsed: 40800s
    ... ~1.7% done | elapsed: 40830s
    ... ~1.7% done | elapsed: 40860s
    ... ~1.7% done | elapsed: 40890s
    ... ~1.7% done | elapsed: 40920s
    ... ~1.7% done | elapsed: 40950s
    ... ~1.7% done | elapsed: 40980s
    ... ~1.7% done | elapsed: 41010s
    ... ~1.7% done | elapsed: 41040s
    ... ~1.7% done | elapsed: 41070s
    ... ~1.7% done | elapsed: 41100s
    ... ~1.7% done | elapsed: 41130s
    ... ~1.7% done | elapsed: 41160s
    ... ~1.7% done | elapsed: 41190s
    ... ~1.7% done | elapsed: 41220s
    ... ~1.7% done | elapsed: 41250s
    ... ~1.7% done | elapsed: 41280s
    ... ~1.7% done | elapsed: 41310s
    ... ~1.7% done | elapsed: 41340s
    ... ~1.7% done | elapsed: 41370s
    ... ~1.7% done | elapsed: 41400s
    ... ~1.7% done | elapsed: 41430s
    ... ~1.7% done | elapsed: 41460s
    ... ~1.7% done | elapsed: 41490s
    ... ~1.7% done | elapsed: 41520s
    ... ~1.7% done | elapsed: 41550s
    ... ~1.7% done | elapsed: 41580s
    ... ~1.7% done | elapsed: 41610s
    ... ~1.7% done | elapsed: 41640s
    ... ~1.7% done | elapsed: 41670s
    ... ~1.7% done | elapsed: 41700s
    ... ~1.7% done | elapsed: 41730s
    ... ~1.7% done | elapsed: 41760s
    ... ~1.7% done | elapsed: 41790s
    ... ~1.7% done | elapsed: 41820s
    ... ~1.7% done | elapsed: 41850s
    ... ~1.7% done | elapsed: 41880s
    ... ~1.7% done | elapsed: 41910s
    ... ~1.7% done | elapsed: 41940s
    ... ~1.7% done | elapsed: 41970s
    ... ~1.7% done | elapsed: 42000s
    ... ~1.7% done | elapsed: 42030s
    ... ~1.8% done | elapsed: 42060s
    ... ~1.8% done | elapsed: 42090s
    ... ~1.8% done | elapsed: 42120s
    ... ~1.8% done | elapsed: 42150s
    ... ~1.8% done | elapsed: 42180s
    ... ~1.8% done | elapsed: 42210s
    ... ~1.8% done | elapsed: 42240s
    ... ~1.8% done | elapsed: 42270s
    ... ~1.8% done | elapsed: 42300s
    ... ~1.8% done | elapsed: 42330s
    ... ~1.8% done | elapsed: 42360s
    ... ~1.8% done | elapsed: 42390s
    ... ~1.8% done | elapsed: 42420s
    ... ~1.8% done | elapsed: 42450s
    ... ~1.8% done | elapsed: 42480s
    ... ~1.8% done | elapsed: 42510s
    ... ~1.8% done | elapsed: 42540s
    ... ~1.8% done | elapsed: 42570s
    ... ~1.8% done | elapsed: 42600s
    ... ~1.8% done | elapsed: 42630s
    ... ~1.8% done | elapsed: 42660s
    ... ~1.8% done | elapsed: 42690s
    ... ~1.8% done | elapsed: 42720s
    ... ~1.8% done | elapsed: 42750s
    ... ~1.8% done | elapsed: 42780s
    ... ~1.8% done | elapsed: 42810s
    ... ~1.8% done | elapsed: 42840s
    ... ~1.8% done | elapsed: 42870s
    ... ~1.8% done | elapsed: 42900s
    ... ~1.8% done | elapsed: 42930s
    ... ~1.8% done | elapsed: 42960s
    ... ~1.8% done | elapsed: 42990s
    ... ~1.8% done | elapsed: 43020s
    ... ~1.8% done | elapsed: 43050s
    ... ~1.8% done | elapsed: 43080s
    ... ~1.8% done | elapsed: 43110s
    ... ~1.8% done | elapsed: 43140s
    ... ~1.8% done | elapsed: 43170s
    ... ~1.8% done | elapsed: 43200s
    ... ~1.8% done | elapsed: 43230s
    ... ~1.8% done | elapsed: 43260s
    ... ~1.8% done | elapsed: 43290s
    ... ~1.8% done | elapsed: 43320s
    ... ~1.8% done | elapsed: 43350s
    ... ~1.8% done | elapsed: 43380s
    ... ~1.8% done | elapsed: 43410s
    ... ~1.8% done | elapsed: 43440s
    ... ~1.8% done | elapsed: 43470s
    ... ~1.8% done | elapsed: 43500s
    ... ~1.8% done | elapsed: 43530s
    ... ~1.8% done | elapsed: 43560s
    ... ~1.8% done | elapsed: 43590s
    ... ~1.8% done | elapsed: 43620s
    ... ~1.8% done | elapsed: 43650s
    ... ~1.8% done | elapsed: 43680s
    ... ~1.8% done | elapsed: 43710s
    ... ~1.8% done | elapsed: 43740s
    ... ~1.8% done | elapsed: 43770s
    ... ~1.8% done | elapsed: 43800s
    ... ~1.8% done | elapsed: 43830s
    ... ~1.8% done | elapsed: 43860s
    ... ~1.8% done | elapsed: 43890s
    ... ~1.8% done | elapsed: 43920s
    ... ~1.8% done | elapsed: 43950s
    ... ~1.8% done | elapsed: 43980s
    ... ~1.8% done | elapsed: 44010s
    ... ~1.8% done | elapsed: 44040s
    ... ~1.8% done | elapsed: 44070s
    ... ~1.8% done | elapsed: 44100s
    ... ~1.8% done | elapsed: 44130s
    ... ~1.8% done | elapsed: 44160s
    ... ~1.8% done | elapsed: 44190s
    ... ~1.8% done | elapsed: 44220s
    ... ~1.8% done | elapsed: 44250s
    ... ~1.8% done | elapsed: 44280s
    ... ~1.8% done | elapsed: 44310s
    ... ~1.8% done | elapsed: 44340s
    ... ~1.8% done | elapsed: 44370s
    ... ~1.8% done | elapsed: 44400s
    ... ~1.8% done | elapsed: 44430s
    ... ~1.9% done | elapsed: 44460s
    ... ~1.9% done | elapsed: 44490s
    ... ~1.9% done | elapsed: 44520s
    ... ~1.9% done | elapsed: 44550s
    ... ~1.9% done | elapsed: 44580s
    ... ~1.9% done | elapsed: 44610s
    ... ~1.9% done | elapsed: 44640s
    ... ~1.9% done | elapsed: 44670s
    ... ~1.9% done | elapsed: 44700s
    ... ~1.9% done | elapsed: 44730s
    ... ~1.9% done | elapsed: 44760s
    ... ~1.9% done | elapsed: 44790s
    ... ~1.9% done | elapsed: 44820s
    ... ~1.9% done | elapsed: 44850s
    ... ~1.9% done | elapsed: 44880s
    ... ~1.9% done | elapsed: 44910s
    ... ~1.9% done | elapsed: 44940s
    ... ~1.9% done | elapsed: 44970s
    ... ~1.9% done | elapsed: 45000s
    ... ~1.9% done | elapsed: 45030s
    ... ~1.9% done | elapsed: 45060s
    ... ~1.9% done | elapsed: 45090s
    ... ~1.9% done | elapsed: 45120s
    ... ~1.9% done | elapsed: 45150s
    ... ~1.9% done | elapsed: 45180s
    ... ~1.9% done | elapsed: 45210s
    ... ~1.9% done | elapsed: 45240s
    ... ~1.9% done | elapsed: 45270s
    ... ~1.9% done | elapsed: 45300s
    ... ~1.9% done | elapsed: 45330s
    ... ~1.9% done | elapsed: 45360s
    ... ~1.9% done | elapsed: 45390s
    ... ~1.9% done | elapsed: 45420s
    ... ~1.9% done | elapsed: 45450s
    ... ~1.9% done | elapsed: 45480s
    ... ~1.9% done | elapsed: 45510s
    ... ~1.9% done | elapsed: 45540s
    ... ~1.9% done | elapsed: 45570s
    ... ~1.9% done | elapsed: 45600s
    ... ~1.9% done | elapsed: 45630s
    ... ~1.9% done | elapsed: 45660s
    ... ~1.9% done | elapsed: 45690s
    ... ~1.9% done | elapsed: 45720s
    ... ~1.9% done | elapsed: 45750s
    ... ~1.9% done | elapsed: 45780s
    ... ~1.9% done | elapsed: 45810s
    ... ~1.9% done | elapsed: 45840s
    ... ~1.9% done | elapsed: 45870s
    ... ~1.9% done | elapsed: 45900s
    ... ~1.9% done | elapsed: 45930s
    ... ~1.9% done | elapsed: 45960s
    ... ~1.9% done | elapsed: 45990s
    ... ~1.9% done | elapsed: 46020s
    ... ~1.9% done | elapsed: 46050s
    ... ~1.9% done | elapsed: 46080s
    ... ~1.9% done | elapsed: 46110s
    ... ~1.9% done | elapsed: 46140s
    ... ~1.9% done | elapsed: 46170s
    ... ~1.9% done | elapsed: 46200s
    ... ~1.9% done | elapsed: 46230s
    ... ~1.9% done | elapsed: 46260s
    ... ~1.9% done | elapsed: 46290s
    ... ~1.9% done | elapsed: 46320s
    ... ~1.9% done | elapsed: 46350s
    ... ~1.9% done | elapsed: 46380s
    ... ~1.9% done | elapsed: 46410s
    ... ~1.9% done | elapsed: 46440s
    ... ~1.9% done | elapsed: 46470s
    ... ~1.9% done | elapsed: 46500s
    ... ~1.9% done | elapsed: 46530s
    ... ~1.9% done | elapsed: 46560s
    ... ~1.9% done | elapsed: 46590s
    ... ~1.9% done | elapsed: 46620s
    ... ~1.9% done | elapsed: 46650s
    ... ~1.9% done | elapsed: 46680s
    ... ~1.9% done | elapsed: 46710s
    ... ~1.9% done | elapsed: 46740s
    ... ~1.9% done | elapsed: 46770s
    ... ~1.9% done | elapsed: 46800s
    ... ~1.9% done | elapsed: 46830s
    ... ~2.0% done | elapsed: 46860s
    ... ~2.0% done | elapsed: 46890s
    ... ~2.0% done | elapsed: 46920s
    ... ~2.0% done | elapsed: 46950s
    ... ~2.0% done | elapsed: 46980s
    ... ~2.0% done | elapsed: 47010s
    ... ~2.0% done | elapsed: 47040s
    ... ~2.0% done | elapsed: 47070s
    ... ~2.0% done | elapsed: 47100s
    ... ~2.0% done | elapsed: 47130s
    ... ~2.0% done | elapsed: 47160s
    ... ~2.0% done | elapsed: 47190s
    ... ~2.0% done | elapsed: 47220s
    ... ~2.0% done | elapsed: 47250s
    ... ~2.0% done | elapsed: 47280s
    ... ~2.0% done | elapsed: 47310s
    ... ~2.0% done | elapsed: 47340s
    ... ~2.0% done | elapsed: 47370s
    ... ~2.0% done | elapsed: 47400s
    ... ~2.0% done | elapsed: 47430s
    ... ~2.0% done | elapsed: 47460s
    ... ~2.0% done | elapsed: 47490s
    ... ~2.0% done | elapsed: 47520s
    ... ~2.0% done | elapsed: 47550s
    ... ~2.0% done | elapsed: 47580s
    ... ~2.0% done | elapsed: 47610s
    ... ~2.0% done | elapsed: 47640s
    ... ~2.0% done | elapsed: 47670s
    ... ~2.0% done | elapsed: 47700s
    ... ~2.0% done | elapsed: 47730s
    ... ~2.0% done | elapsed: 47760s
    ... ~2.0% done | elapsed: 47790s
    ... ~2.0% done | elapsed: 47820s
    ... ~2.0% done | elapsed: 47850s
    ... ~2.0% done | elapsed: 47880s
    ... ~2.0% done | elapsed: 47910s
    ... ~2.0% done | elapsed: 47940s
    ... ~2.0% done | elapsed: 47970s
    ... ~2.0% done | elapsed: 48000s
    ... ~2.0% done | elapsed: 48030s
    ... ~2.0% done | elapsed: 48060s
    ... ~2.0% done | elapsed: 48090s
    ... ~2.0% done | elapsed: 48120s
    ... ~2.0% done | elapsed: 48150s
    ... ~2.0% done | elapsed: 48180s
    ... ~2.0% done | elapsed: 48210s
    ... ~2.0% done | elapsed: 48240s
    ... ~2.0% done | elapsed: 48270s
    ... ~2.0% done | elapsed: 48300s
    ... ~2.0% done | elapsed: 48330s
    ... ~2.0% done | elapsed: 48360s
    ... ~2.0% done | elapsed: 48390s
    ... ~2.0% done | elapsed: 48420s
    ... ~2.0% done | elapsed: 48450s
    ... ~2.0% done | elapsed: 48480s
    ... ~2.0% done | elapsed: 48510s
    ... ~2.0% done | elapsed: 48540s
    ... ~2.0% done | elapsed: 48570s
    ... ~2.0% done | elapsed: 48600s
    ... ~2.0% done | elapsed: 48630s
    ... ~2.0% done | elapsed: 48660s
    ... ~2.0% done | elapsed: 48690s
    ... ~2.0% done | elapsed: 48720s
    ... ~2.0% done | elapsed: 48750s
    ... ~2.0% done | elapsed: 48780s
    ... ~2.0% done | elapsed: 48810s
    ... ~2.0% done | elapsed: 48840s
    ... ~2.0% done | elapsed: 48870s
    ... ~2.0% done | elapsed: 48900s
    ... ~2.0% done | elapsed: 48930s
    ... ~2.0% done | elapsed: 48960s
    ... ~2.0% done | elapsed: 48990s
    ... ~2.0% done | elapsed: 49020s
    ... ~2.0% done | elapsed: 49050s
    ... ~2.0% done | elapsed: 49080s
    ... ~2.0% done | elapsed: 49110s
    ... ~2.0% done | elapsed: 49140s
    ... ~2.0% done | elapsed: 49170s
    ... ~2.0% done | elapsed: 49200s
    ... ~2.0% done | elapsed: 49230s
    ... ~2.1% done | elapsed: 49260s
    ... ~2.1% done | elapsed: 49290s
    ... ~2.1% done | elapsed: 49320s
    ... ~2.1% done | elapsed: 49350s
    ... ~2.1% done | elapsed: 49380s
    ... ~2.1% done | elapsed: 49410s
    ... ~2.1% done | elapsed: 49440s
    ... ~2.1% done | elapsed: 49470s
    ... ~2.1% done | elapsed: 49500s
    ... ~2.1% done | elapsed: 49530s
    ... ~2.1% done | elapsed: 49560s
    ... ~2.1% done | elapsed: 49590s
    ... ~2.1% done | elapsed: 49620s
    ... ~2.1% done | elapsed: 49650s
    ... ~2.1% done | elapsed: 49680s
    ... ~2.1% done | elapsed: 49710s
    ... ~2.1% done | elapsed: 49740s
    ... ~2.1% done | elapsed: 49770s
    ... ~2.1% done | elapsed: 49800s
    ... ~2.1% done | elapsed: 49830s
    ... ~2.1% done | elapsed: 49860s
    ... ~2.1% done | elapsed: 49890s
    ... ~2.1% done | elapsed: 49920s
    ... ~2.1% done | elapsed: 49950s
    ... ~2.1% done | elapsed: 49980s
    ... ~2.1% done | elapsed: 50010s
    ... ~2.1% done | elapsed: 50040s
    ... ~2.1% done | elapsed: 50070s
    ... ~2.1% done | elapsed: 50100s
    ... ~2.1% done | elapsed: 50130s
    ... ~2.1% done | elapsed: 50160s
    ... ~2.1% done | elapsed: 50190s
    ... ~2.1% done | elapsed: 50220s
    ... ~2.1% done | elapsed: 50250s
    ... ~2.1% done | elapsed: 50280s
    ... ~2.1% done | elapsed: 50310s
    ... ~2.1% done | elapsed: 50340s
    ... ~2.1% done | elapsed: 50370s
    ... ~2.1% done | elapsed: 50400s
    ... ~2.1% done | elapsed: 50430s
    ... ~2.1% done | elapsed: 50460s
    ... ~2.1% done | elapsed: 50490s
    ... ~2.1% done | elapsed: 50520s
    ... ~2.1% done | elapsed: 50550s
    ... ~2.1% done | elapsed: 50580s
    ... ~2.1% done | elapsed: 50610s
    ... ~2.1% done | elapsed: 50640s
    ... ~2.1% done | elapsed: 50670s
    ... ~2.1% done | elapsed: 50700s
    ... ~2.1% done | elapsed: 50730s
    ... ~2.1% done | elapsed: 50760s
    ... ~2.1% done | elapsed: 50790s
    ... ~2.1% done | elapsed: 50820s
    ... ~2.1% done | elapsed: 50850s
    ... ~2.1% done | elapsed: 50880s
    ... ~2.1% done | elapsed: 50910s
    ... ~2.1% done | elapsed: 50940s
    ... ~2.1% done | elapsed: 50970s
    ... ~2.1% done | elapsed: 51000s
    ... ~2.1% done | elapsed: 51030s
    ... ~2.1% done | elapsed: 51060s
    ... ~2.1% done | elapsed: 51090s
    ... ~2.1% done | elapsed: 51120s
    ... ~2.1% done | elapsed: 51150s
    ... ~2.1% done | elapsed: 51180s
    ... ~2.1% done | elapsed: 51210s
    ... ~2.1% done | elapsed: 51240s
    ... ~2.1% done | elapsed: 51270s
    ... ~2.1% done | elapsed: 51300s
    ... ~2.1% done | elapsed: 51330s
    ... ~2.1% done | elapsed: 51360s
    ... ~2.1% done | elapsed: 51390s
    ... ~2.1% done | elapsed: 51420s
    ... ~2.1% done | elapsed: 51450s
    ... ~2.1% done | elapsed: 51480s
    ... ~2.1% done | elapsed: 51510s
    ... ~2.1% done | elapsed: 51540s
    ... ~2.1% done | elapsed: 51570s
    ... ~2.1% done | elapsed: 51600s
    ... ~2.1% done | elapsed: 51630s
    ... ~2.2% done | elapsed: 51660s
    ... ~2.2% done | elapsed: 51690s
    ... ~2.2% done | elapsed: 51720s
    ... ~2.2% done | elapsed: 51750s
    ... ~2.2% done | elapsed: 51780s
    ... ~2.2% done | elapsed: 51810s
    ... ~2.2% done | elapsed: 51840s
    ... ~2.2% done | elapsed: 51870s
    ... ~2.2% done | elapsed: 51900s
    ... ~2.2% done | elapsed: 51930s
    ... ~2.2% done | elapsed: 51960s
    ... ~2.2% done | elapsed: 51990s
    ... ~2.2% done | elapsed: 52020s
    ... ~2.2% done | elapsed: 52050s
    ... ~2.2% done | elapsed: 52080s
    ... ~2.2% done | elapsed: 52110s
    ... ~2.2% done | elapsed: 52140s
    ... ~2.2% done | elapsed: 52170s
    ... ~2.2% done | elapsed: 52200s
    ... ~2.2% done | elapsed: 52230s
    ... ~2.2% done | elapsed: 52260s
    ... ~2.2% done | elapsed: 52290s
    ... ~2.2% done | elapsed: 52320s
    ... ~2.2% done | elapsed: 52350s
    ... ~2.2% done | elapsed: 52380s
    ... ~2.2% done | elapsed: 52410s
    ... ~2.2% done | elapsed: 52440s
    ... ~2.2% done | elapsed: 52470s
    ... ~2.2% done | elapsed: 52500s
    ... ~2.2% done | elapsed: 52530s
    ... ~2.2% done | elapsed: 52560s
    ... ~2.2% done | elapsed: 52590s
    ... ~2.2% done | elapsed: 52620s
    ... ~2.2% done | elapsed: 52650s
    ... ~2.2% done | elapsed: 52680s
    ... ~2.2% done | elapsed: 52710s
    ... ~2.2% done | elapsed: 52740s
    ... ~2.2% done | elapsed: 52770s
    ... ~2.2% done | elapsed: 52800s
    ... ~2.2% done | elapsed: 52830s
    ... ~2.2% done | elapsed: 52860s
    ... ~2.2% done | elapsed: 52890s
    ... ~2.2% done | elapsed: 52920s
    ... ~2.2% done | elapsed: 52950s
    ... ~2.2% done | elapsed: 52980s
    ... ~2.2% done | elapsed: 53010s
    ... ~2.2% done | elapsed: 53040s
    ... ~2.2% done | elapsed: 53070s
    ... ~2.2% done | elapsed: 53100s
    ... ~2.2% done | elapsed: 53130s
    ... ~2.2% done | elapsed: 53160s
    ... ~2.2% done | elapsed: 53190s
    ... ~2.2% done | elapsed: 53220s
    ... ~2.2% done | elapsed: 53250s
    ... ~2.2% done | elapsed: 53280s
    ... ~2.2% done | elapsed: 53310s
    ... ~2.2% done | elapsed: 53340s
    ... ~2.2% done | elapsed: 53370s
    ... ~2.2% done | elapsed: 53400s
    ... ~2.2% done | elapsed: 53430s
    ... ~2.2% done | elapsed: 53460s
    ... ~2.2% done | elapsed: 53490s
    ... ~2.2% done | elapsed: 53520s
    ... ~2.2% done | elapsed: 53550s
    ... ~2.2% done | elapsed: 53580s
    ... ~2.2% done | elapsed: 53610s
    ... ~2.2% done | elapsed: 53640s
    ... ~2.2% done | elapsed: 53670s
    ... ~2.2% done | elapsed: 53700s
    ... ~2.2% done | elapsed: 53730s
    ... ~2.2% done | elapsed: 53760s
    ... ~2.2% done | elapsed: 53790s
    ... ~2.2% done | elapsed: 53820s
    ... ~2.2% done | elapsed: 53850s
    ... ~2.2% done | elapsed: 53880s
    ... ~2.2% done | elapsed: 53910s
    ... ~2.2% done | elapsed: 53940s
    ... ~2.2% done | elapsed: 53970s
    ... ~2.2% done | elapsed: 54000s
    ... ~2.2% done | elapsed: 54030s
    ... ~2.3% done | elapsed: 54060s
    ... ~2.3% done | elapsed: 54090s
    ... ~2.3% done | elapsed: 54120s
    ... ~2.3% done | elapsed: 54150s
    ... ~2.3% done | elapsed: 54180s
    ... ~2.3% done | elapsed: 54210s
    ... ~2.3% done | elapsed: 54240s
    ... ~2.3% done | elapsed: 54270s
    ... ~2.3% done | elapsed: 54300s
    ... ~2.3% done | elapsed: 54330s
    ... ~2.3% done | elapsed: 54360s
    ... ~2.3% done | elapsed: 54390s
    ... ~2.3% done | elapsed: 54420s
    ... ~2.3% done | elapsed: 54450s
    ... ~2.3% done | elapsed: 54480s
    ... ~2.3% done | elapsed: 54510s
    ... ~2.3% done | elapsed: 54540s
    ... ~2.3% done | elapsed: 54570s
    ... ~2.3% done | elapsed: 54600s
    ... ~2.3% done | elapsed: 54630s
    ... ~2.3% done | elapsed: 54660s
    ... ~2.3% done | elapsed: 54690s
    ... ~2.3% done | elapsed: 54720s
    ... ~2.3% done | elapsed: 54750s
    ... ~2.3% done | elapsed: 54780s
    ... ~2.3% done | elapsed: 54810s
    ... ~2.3% done | elapsed: 54840s
    ... ~2.3% done | elapsed: 54870s
    ... ~2.3% done | elapsed: 54900s
    ... ~2.3% done | elapsed: 54930s
    ... ~2.3% done | elapsed: 54960s
    ... ~2.3% done | elapsed: 54990s
    ... ~2.3% done | elapsed: 55020s
    ... ~2.3% done | elapsed: 55050s
    ... ~2.3% done | elapsed: 55080s
    ... ~2.3% done | elapsed: 55110s
    ... ~2.3% done | elapsed: 55140s
    ... ~2.3% done | elapsed: 55170s
    ... ~2.3% done | elapsed: 55200s
    ... ~2.3% done | elapsed: 55230s
    ... ~2.3% done | elapsed: 55260s
    ... ~2.3% done | elapsed: 55290s
    ... ~2.3% done | elapsed: 55320s
    ... ~2.3% done | elapsed: 55350s
    ... ~2.3% done | elapsed: 55380s
    ... ~2.3% done | elapsed: 55410s
    ... ~2.3% done | elapsed: 55440s
    ... ~2.3% done | elapsed: 55470s
    ... ~2.3% done | elapsed: 55500s
    ... ~2.3% done | elapsed: 55530s
    ... ~2.3% done | elapsed: 55560s
    ... ~2.3% done | elapsed: 55590s
    ... ~2.3% done | elapsed: 55620s
    ... ~2.3% done | elapsed: 55650s
    ... ~2.3% done | elapsed: 55680s
    ... ~2.3% done | elapsed: 55710s
    ... ~2.3% done | elapsed: 55740s
    ... ~2.3% done | elapsed: 55770s
    ... ~2.3% done | elapsed: 55800s
    ... ~2.3% done | elapsed: 55830s
    ... ~2.3% done | elapsed: 55860s
    ... ~2.3% done | elapsed: 55890s
    ... ~2.3% done | elapsed: 55920s
    ... ~2.3% done | elapsed: 55950s
    ... ~2.3% done | elapsed: 55980s
    ... ~2.3% done | elapsed: 56010s
    ... ~2.3% done | elapsed: 56040s
    ... ~2.3% done | elapsed: 56070s
    ... ~2.3% done | elapsed: 56100s
    ... ~2.3% done | elapsed: 56130s
    ... ~2.3% done | elapsed: 56160s
    ... ~2.3% done | elapsed: 56190s
    ... ~2.3% done | elapsed: 56220s
    ... ~2.3% done | elapsed: 56250s
    ... ~2.3% done | elapsed: 56280s
    ... ~2.3% done | elapsed: 56310s
    ... ~2.3% done | elapsed: 56340s
    ... ~2.3% done | elapsed: 56370s
    ... ~2.3% done | elapsed: 56400s
    ... ~2.3% done | elapsed: 56430s
    ... ~2.4% done | elapsed: 56460s
    ... ~2.4% done | elapsed: 56490s
    ... ~2.4% done | elapsed: 56520s
    ... ~2.4% done | elapsed: 56550s
    ... ~2.4% done | elapsed: 56580s
    ... ~2.4% done | elapsed: 56610s
    ... ~2.4% done | elapsed: 56640s
    ... ~2.4% done | elapsed: 56670s
    ... ~2.4% done | elapsed: 56700s
    ... ~2.4% done | elapsed: 56730s
    ... ~2.4% done | elapsed: 56760s
    ... ~2.4% done | elapsed: 56790s
    ... ~2.4% done | elapsed: 56820s
    ... ~2.4% done | elapsed: 56850s
    ... ~2.4% done | elapsed: 56880s
    ... ~2.4% done | elapsed: 56910s
    ... ~2.4% done | elapsed: 56940s
    ... ~2.4% done | elapsed: 56970s
    ... ~2.4% done | elapsed: 57000s
    ... ~2.4% done | elapsed: 57030s
    ... ~2.4% done | elapsed: 57060s
    ... ~2.4% done | elapsed: 57090s
    ... ~2.4% done | elapsed: 57120s
    ... ~2.4% done | elapsed: 57150s
    ... ~2.4% done | elapsed: 57180s
    ... ~2.4% done | elapsed: 57210s
    ... ~2.4% done | elapsed: 57240s
    ... ~2.4% done | elapsed: 57270s
    ... ~2.4% done | elapsed: 57300s
    ... ~2.4% done | elapsed: 57330s
    ... ~2.4% done | elapsed: 57360s
    ... ~2.4% done | elapsed: 57390s
    ... ~2.4% done | elapsed: 57420s
    ... ~2.4% done | elapsed: 57450s
    ... ~2.4% done | elapsed: 57480s
    ... ~2.4% done | elapsed: 57510s
    ... ~2.4% done | elapsed: 57540s
    ... ~2.4% done | elapsed: 57570s
    ... ~2.4% done | elapsed: 57600s
    ... ~2.4% done | elapsed: 57630s
    ... ~2.4% done | elapsed: 57660s
    ... ~2.4% done | elapsed: 57690s
    ... ~2.4% done | elapsed: 57720s
    ... ~2.4% done | elapsed: 57750s
    ... ~2.4% done | elapsed: 57780s
    ... ~2.4% done | elapsed: 57810s
    ... ~2.4% done | elapsed: 57840s
    ... ~2.4% done | elapsed: 57870s
    ... ~2.4% done | elapsed: 57900s
    ... ~2.4% done | elapsed: 57930s
    ... ~2.4% done | elapsed: 57960s
    ... ~2.4% done | elapsed: 57990s
    ... ~2.4% done | elapsed: 58020s
    ... ~2.4% done | elapsed: 58050s
    ... ~2.4% done | elapsed: 58080s
    ... ~2.4% done | elapsed: 58110s
    ... ~2.4% done | elapsed: 58140s
    ... ~2.4% done | elapsed: 58170s
    ... ~2.4% done | elapsed: 58200s
    ... ~2.4% done | elapsed: 58230s
    ... ~2.4% done | elapsed: 58260s
    ... ~2.4% done | elapsed: 58290s
    ... ~2.4% done | elapsed: 58320s
    ... ~2.4% done | elapsed: 58350s
    ... ~2.4% done | elapsed: 58380s
    ... ~2.4% done | elapsed: 58410s
    ... ~2.4% done | elapsed: 58440s
    ... ~2.4% done | elapsed: 58470s
    ... ~2.4% done | elapsed: 58500s
    ... ~2.4% done | elapsed: 58530s
    ... ~2.4% done | elapsed: 58560s
    ... ~2.4% done | elapsed: 58590s
    ... ~2.4% done | elapsed: 58620s
    ... ~2.4% done | elapsed: 58650s
    ... ~2.4% done | elapsed: 58680s
    ... ~2.4% done | elapsed: 58710s
    ... ~2.4% done | elapsed: 58740s
    ... ~2.4% done | elapsed: 58770s
    ... ~2.4% done | elapsed: 58800s
    ... ~2.4% done | elapsed: 58830s
    ... ~2.5% done | elapsed: 58860s
    ... ~2.5% done | elapsed: 58890s
    ... ~2.5% done | elapsed: 58920s
    ... ~2.5% done | elapsed: 58950s
    ... ~2.5% done | elapsed: 58980s
    ... ~2.5% done | elapsed: 59010s
    ... ~2.5% done | elapsed: 59040s
    ... ~2.5% done | elapsed: 59070s
    ... ~2.5% done | elapsed: 59100s
    ... ~2.5% done | elapsed: 59130s
    ... ~2.5% done | elapsed: 59160s
    ... ~2.5% done | elapsed: 59190s
    ... ~2.5% done | elapsed: 59220s
    ... ~2.5% done | elapsed: 59250s
    ... ~2.5% done | elapsed: 59280s
    ... ~2.5% done | elapsed: 59310s
    ... ~2.5% done | elapsed: 59340s
    ... ~2.5% done | elapsed: 59370s
    ... ~2.5% done | elapsed: 59400s
    ... ~2.5% done | elapsed: 59430s
    ... ~2.5% done | elapsed: 59460s
    ... ~2.5% done | elapsed: 59490s
    ... ~2.5% done | elapsed: 59520s
    ... ~2.5% done | elapsed: 59550s
    ... ~2.5% done | elapsed: 59580s
    ... ~2.5% done | elapsed: 59610s
    ... ~2.5% done | elapsed: 59640s
    ... ~2.5% done | elapsed: 59670s
    ... ~2.5% done | elapsed: 59700s
    ... ~2.5% done | elapsed: 59730s
    ... ~2.5% done | elapsed: 59760s
    ... ~2.5% done | elapsed: 59790s
    ... ~2.5% done | elapsed: 59820s
    ... ~2.5% done | elapsed: 59850s
    ... ~2.5% done | elapsed: 59880s
    ... ~2.5% done | elapsed: 59910s
    ... ~2.5% done | elapsed: 59940s
    ... ~2.5% done | elapsed: 59970s
    ... ~2.5% done | elapsed: 60000s
    ... ~2.5% done | elapsed: 60030s
    ... ~2.5% done | elapsed: 60060s
    ... ~2.5% done | elapsed: 60090s
    ... ~2.5% done | elapsed: 60120s
    ... ~2.5% done | elapsed: 60150s
    ... ~2.5% done | elapsed: 60180s
    ... ~2.5% done | elapsed: 60210s
    ... ~2.5% done | elapsed: 60240s
    ... ~2.5% done | elapsed: 60270s
    ... ~2.5% done | elapsed: 60300s
    ... ~2.5% done | elapsed: 60330s
    ... ~2.5% done | elapsed: 60360s
    ... ~2.5% done | elapsed: 60390s
    ... ~2.5% done | elapsed: 60420s
    ... ~2.5% done | elapsed: 60450s
    ... ~2.5% done | elapsed: 60480s
    ... ~2.5% done | elapsed: 60510s
    ... ~2.5% done | elapsed: 60540s
    ... ~2.5% done | elapsed: 60570s
    ... ~2.5% done | elapsed: 60600s
    ... ~2.5% done | elapsed: 60630s
    ... ~2.5% done | elapsed: 60660s
    ... ~2.5% done | elapsed: 60690s
    ... ~2.5% done | elapsed: 60720s
    ... ~2.5% done | elapsed: 60750s
    ... ~2.5% done | elapsed: 60780s
    ... ~2.5% done | elapsed: 60810s
    ... ~2.5% done | elapsed: 60840s
    ... ~2.5% done | elapsed: 60870s
    ... ~2.5% done | elapsed: 60900s
    ... ~2.5% done | elapsed: 60930s
    ... ~2.5% done | elapsed: 60960s
    ... ~2.5% done | elapsed: 60990s
    ... ~2.5% done | elapsed: 61020s
    ... ~2.5% done | elapsed: 61050s
    ... ~2.5% done | elapsed: 61080s
    ... ~2.5% done | elapsed: 61110s
    ... ~2.5% done | elapsed: 61140s
    ... ~2.5% done | elapsed: 61170s
    ... ~2.5% done | elapsed: 61200s
    ... ~2.5% done | elapsed: 61230s
    ... ~2.6% done | elapsed: 61260s
    ... ~2.6% done | elapsed: 61290s
    ... ~2.6% done | elapsed: 61320s
    ... ~2.6% done | elapsed: 61350s
    ... ~2.6% done | elapsed: 61380s
    ... ~2.6% done | elapsed: 61410s
    ... ~2.6% done | elapsed: 61440s
    ... ~2.6% done | elapsed: 61470s
    ... ~2.6% done | elapsed: 61500s
    ... ~2.6% done | elapsed: 61530s
    ... ~2.6% done | elapsed: 61560s
    ... ~2.6% done | elapsed: 61590s
    ... ~2.6% done | elapsed: 61620s
    ... ~2.6% done | elapsed: 61650s
    ... ~2.6% done | elapsed: 61680s
    ... ~2.6% done | elapsed: 61710s
    ... ~2.6% done | elapsed: 61740s
    ... ~2.6% done | elapsed: 61770s
    ... ~2.6% done | elapsed: 61800s
    ... ~2.6% done | elapsed: 61830s
    ... ~2.6% done | elapsed: 61860s
    ... ~2.6% done | elapsed: 61890s
    ... ~2.6% done | elapsed: 61920s
    ... ~2.6% done | elapsed: 61950s
    ... ~2.6% done | elapsed: 61980s
    ... ~2.6% done | elapsed: 62010s
    ... ~2.6% done | elapsed: 62040s
    ... ~2.6% done | elapsed: 62070s
    ... ~2.6% done | elapsed: 62100s
    ... ~2.6% done | elapsed: 62130s
    ... ~2.6% done | elapsed: 62160s
    ... ~2.6% done | elapsed: 62190s
    ... ~2.6% done | elapsed: 62220s
    ... ~2.6% done | elapsed: 62250s
    ... ~2.6% done | elapsed: 62280s
    ... ~2.6% done | elapsed: 62310s
    ... ~2.6% done | elapsed: 62340s
    ... ~2.6% done | elapsed: 62370s
    ... ~2.6% done | elapsed: 62400s
    ... ~2.6% done | elapsed: 62430s
    ... ~2.6% done | elapsed: 62460s
    ... ~2.6% done | elapsed: 62490s
    ... ~2.6% done | elapsed: 62520s
    ... ~2.6% done | elapsed: 62550s
    ... ~2.6% done | elapsed: 62580s
    ... ~2.6% done | elapsed: 62610s
    ... ~2.6% done | elapsed: 62640s
    ... ~2.6% done | elapsed: 62670s
    ... ~2.6% done | elapsed: 62700s
    ... ~2.6% done | elapsed: 62730s
    ... ~2.6% done | elapsed: 62760s
    ... ~2.6% done | elapsed: 62790s
    ... ~2.6% done | elapsed: 62820s
    ... ~2.6% done | elapsed: 62850s
    ... ~2.6% done | elapsed: 62880s
    ... ~2.6% done | elapsed: 62910s
    ... ~2.6% done | elapsed: 62940s
    ... ~2.6% done | elapsed: 62970s
    ... ~2.6% done | elapsed: 63000s
    ... ~2.6% done | elapsed: 63030s
    ... ~2.6% done | elapsed: 63060s
    ... ~2.6% done | elapsed: 63090s
    ... ~2.6% done | elapsed: 63120s
    ... ~2.6% done | elapsed: 63150s
    ... ~2.6% done | elapsed: 63180s
    ... ~2.6% done | elapsed: 63210s
    ... ~2.6% done | elapsed: 63240s
    ... ~2.6% done | elapsed: 63270s
    ... ~2.6% done | elapsed: 63300s
    ... ~2.6% done | elapsed: 63330s
    ... ~2.6% done | elapsed: 63360s
    ... ~2.6% done | elapsed: 63390s
    ... ~2.6% done | elapsed: 63420s
    ... ~2.6% done | elapsed: 63450s
    ... ~2.6% done | elapsed: 63480s
    ... ~2.6% done | elapsed: 63510s
    ... ~2.6% done | elapsed: 63540s
    ... ~2.6% done | elapsed: 63570s
    ... ~2.6% done | elapsed: 63600s
    ... ~2.6% done | elapsed: 63630s
    ... ~2.6% done | elapsed: 63660s
    ... ~2.7% done | elapsed: 63690s
    ... ~2.7% done | elapsed: 63720s
    ... ~2.7% done | elapsed: 63750s
    ... ~2.7% done | elapsed: 63780s
    ... ~2.7% done | elapsed: 63810s
    ... ~2.7% done | elapsed: 63840s
    ... ~2.7% done | elapsed: 63870s
    ... ~2.7% done | elapsed: 63900s
    ... ~2.7% done | elapsed: 63930s
    ... ~2.7% done | elapsed: 63960s
    ... ~2.7% done | elapsed: 63990s
    ... ~2.7% done | elapsed: 64020s
    ... ~2.7% done | elapsed: 64050s
    ... ~2.7% done | elapsed: 64080s
    ... ~2.7% done | elapsed: 64110s
    ... ~2.7% done | elapsed: 64140s
    ... ~2.7% done | elapsed: 64170s
    ... ~2.7% done | elapsed: 64200s
    ... ~2.7% done | elapsed: 64230s
    ... ~2.7% done | elapsed: 64260s
    ... ~2.7% done | elapsed: 64290s
    ... ~2.7% done | elapsed: 64320s
    ... ~2.7% done | elapsed: 64350s
    ... ~2.7% done | elapsed: 64380s
    ... ~2.7% done | elapsed: 64410s
    ... ~2.7% done | elapsed: 64440s
    ... ~2.7% done | elapsed: 64470s
    ... ~2.7% done | elapsed: 64500s
    ... ~2.7% done | elapsed: 64530s
    ... ~2.7% done | elapsed: 64560s
    ... ~2.7% done | elapsed: 64590s
    ... ~2.7% done | elapsed: 64620s
    ... ~2.7% done | elapsed: 64650s
    ... ~2.7% done | elapsed: 64680s
    ... ~2.7% done | elapsed: 64710s
    ... ~2.7% done | elapsed: 64740s
    ... ~2.7% done | elapsed: 64770s
    ... ~2.7% done | elapsed: 64800s
    ... ~2.7% done | elapsed: 64830s
    ... ~2.7% done | elapsed: 64860s
    ... ~2.7% done | elapsed: 64890s
    ... ~2.7% done | elapsed: 64920s
    ... ~2.7% done | elapsed: 64950s
    ... ~2.7% done | elapsed: 64980s
    ... ~2.7% done | elapsed: 65010s
    ... ~2.7% done | elapsed: 65040s
    ... ~2.7% done | elapsed: 65070s
    ... ~2.7% done | elapsed: 65100s
    ... ~2.7% done | elapsed: 65130s
    ... ~2.7% done | elapsed: 65160s
    ... ~2.7% done | elapsed: 65190s
    ... ~2.7% done | elapsed: 65220s
    ... ~2.7% done | elapsed: 65250s
    ... ~2.7% done | elapsed: 65280s
    ... ~2.7% done | elapsed: 65310s
    ... ~2.7% done | elapsed: 65340s
    ... ~2.7% done | elapsed: 65370s
    ... ~2.7% done | elapsed: 65400s
    ... ~2.7% done | elapsed: 65430s
    ... ~2.7% done | elapsed: 65460s
    ... ~2.7% done | elapsed: 65490s
    ... ~2.7% done | elapsed: 65520s
    ... ~2.7% done | elapsed: 65550s
    ... ~2.7% done | elapsed: 65580s
    ... ~2.7% done | elapsed: 65610s
    ... ~2.7% done | elapsed: 65640s
    ... ~2.7% done | elapsed: 65670s
    ... ~2.7% done | elapsed: 65700s
    ... ~2.7% done | elapsed: 65730s
    ... ~2.7% done | elapsed: 65760s
    ... ~2.7% done | elapsed: 65790s
    ... ~2.7% done | elapsed: 65820s
    ... ~2.7% done | elapsed: 65850s
    ... ~2.7% done | elapsed: 65880s
    ... ~2.7% done | elapsed: 65910s
    ... ~2.7% done | elapsed: 65940s
    ... ~2.7% done | elapsed: 65970s
    ... ~2.7% done | elapsed: 66000s
    ... ~2.7% done | elapsed: 66030s
    ... ~2.7% done | elapsed: 66060s
    ... ~2.8% done | elapsed: 66090s
    ... ~2.8% done | elapsed: 66120s
    ... ~2.8% done | elapsed: 66150s
    ... ~2.8% done | elapsed: 66180s
    ... ~2.8% done | elapsed: 66210s
    ... ~2.8% done | elapsed: 66240s
    ... ~2.8% done | elapsed: 66270s
    ... ~2.8% done | elapsed: 66300s
    ... ~2.8% done | elapsed: 66330s
    ... ~2.8% done | elapsed: 66360s
    ... ~2.8% done | elapsed: 66390s
    ... ~2.8% done | elapsed: 66420s
    ... ~2.8% done | elapsed: 66450s
    ... ~2.8% done | elapsed: 66480s
    ... ~2.8% done | elapsed: 66510s
    ... ~2.8% done | elapsed: 66540s
    ... ~2.8% done | elapsed: 66570s
    ... ~2.8% done | elapsed: 66600s
    ... ~2.8% done | elapsed: 66630s
    ... ~2.8% done | elapsed: 66660s
    ... ~2.8% done | elapsed: 66690s
    ... ~2.8% done | elapsed: 66720s
    ... ~2.8% done | elapsed: 66750s
    ... ~2.8% done | elapsed: 66780s
    ... ~2.8% done | elapsed: 66810s
    ... ~2.8% done | elapsed: 66840s
    ... ~2.8% done | elapsed: 66870s
    ... ~2.8% done | elapsed: 66900s
    ... ~2.8% done | elapsed: 66930s
    ... ~2.8% done | elapsed: 66960s
    ... ~2.8% done | elapsed: 66990s
    ... ~2.8% done | elapsed: 67020s
    ... ~2.8% done | elapsed: 67050s
    ... ~2.8% done | elapsed: 67080s
    ... ~2.8% done | elapsed: 67110s
    ... ~2.8% done | elapsed: 67140s
    ... ~2.8% done | elapsed: 67170s
    ... ~2.8% done | elapsed: 67200s
    ... ~2.8% done | elapsed: 67230s
    ... ~2.8% done | elapsed: 67260s
    ... ~2.8% done | elapsed: 67290s
    ... ~2.8% done | elapsed: 67320s
    ... ~2.8% done | elapsed: 67350s
    ... ~2.8% done | elapsed: 67380s
    ... ~2.8% done | elapsed: 67410s
    ... ~2.8% done | elapsed: 67440s
    ... ~2.8% done | elapsed: 67470s
    ... ~2.8% done | elapsed: 67500s
    ... ~2.8% done | elapsed: 67530s
    ... ~2.8% done | elapsed: 67560s
    ... ~2.8% done | elapsed: 67590s
    ... ~2.8% done | elapsed: 67620s
    ... ~2.8% done | elapsed: 67650s
    ... ~2.8% done | elapsed: 67680s
    ... ~2.8% done | elapsed: 67710s
    ... ~2.8% done | elapsed: 67740s
    ... ~2.8% done | elapsed: 67770s
    ... ~2.8% done | elapsed: 67800s
    ... ~2.8% done | elapsed: 67830s
    ... ~2.8% done | elapsed: 67860s
    ... ~2.8% done | elapsed: 67890s
    ... ~2.8% done | elapsed: 67920s
    ... ~2.8% done | elapsed: 67950s
    ... ~2.8% done | elapsed: 67980s
    ... ~2.8% done | elapsed: 68010s
    ... ~2.8% done | elapsed: 68040s
    ... ~2.8% done | elapsed: 68070s
    ... ~2.8% done | elapsed: 68100s
    ... ~2.8% done | elapsed: 68130s
    ... ~2.8% done | elapsed: 68160s
    ... ~2.8% done | elapsed: 68190s
    ... ~2.8% done | elapsed: 68220s
    ... ~2.8% done | elapsed: 68250s
    ... ~2.8% done | elapsed: 68280s
    ... ~2.8% done | elapsed: 68310s
    ... ~2.8% done | elapsed: 68340s
    ... ~2.8% done | elapsed: 68370s
    ... ~2.8% done | elapsed: 68400s
    ... ~2.8% done | elapsed: 68430s
    ... ~2.8% done | elapsed: 68460s
    ... ~2.9% done | elapsed: 68490s
    ... ~2.9% done | elapsed: 68520s
    ... ~2.9% done | elapsed: 68550s
    ... ~2.9% done | elapsed: 68580s
    ... ~2.9% done | elapsed: 68610s
    ... ~2.9% done | elapsed: 68640s
    ... ~2.9% done | elapsed: 68670s
    ... ~2.9% done | elapsed: 68700s
    ... ~2.9% done | elapsed: 68730s
    ... ~2.9% done | elapsed: 68760s
    ... ~2.9% done | elapsed: 68790s
    ... ~2.9% done | elapsed: 68820s
    ... ~2.9% done | elapsed: 68850s
    ... ~2.9% done | elapsed: 68880s
    ... ~2.9% done | elapsed: 68910s
    ... ~2.9% done | elapsed: 68940s
    ... ~2.9% done | elapsed: 68970s
    ... ~2.9% done | elapsed: 69000s
    ... ~2.9% done | elapsed: 69030s
    ... ~2.9% done | elapsed: 69060s
    ... ~2.9% done | elapsed: 69090s
    ... ~2.9% done | elapsed: 69120s
    ... ~2.9% done | elapsed: 69150s
    ... ~2.9% done | elapsed: 69180s
    ... ~2.9% done | elapsed: 69210s
    ... ~2.9% done | elapsed: 69240s
    ... ~2.9% done | elapsed: 69270s
    ... ~2.9% done | elapsed: 69300s
    ... ~2.9% done | elapsed: 69330s
    ... ~2.9% done | elapsed: 69360s
    ... ~2.9% done | elapsed: 69390s
    ... ~2.9% done | elapsed: 69420s
    ... ~2.9% done | elapsed: 69450s
    ... ~2.9% done | elapsed: 69480s
    ... ~2.9% done | elapsed: 69510s
    ... ~2.9% done | elapsed: 69540s
    ... ~2.9% done | elapsed: 69570s
    ... ~2.9% done | elapsed: 69600s
    ... ~2.9% done | elapsed: 69630s
    ... ~2.9% done | elapsed: 69660s
    ... ~2.9% done | elapsed: 69690s
    ... ~2.9% done | elapsed: 69720s
    ... ~2.9% done | elapsed: 69750s
    ... ~2.9% done | elapsed: 69780s
    ... ~2.9% done | elapsed: 69810s
    ... ~2.9% done | elapsed: 69840s
    ... ~2.9% done | elapsed: 69870s
    ... ~2.9% done | elapsed: 69900s
    ... ~2.9% done | elapsed: 69930s
    ... ~2.9% done | elapsed: 69960s
    ... ~2.9% done | elapsed: 69990s
    ... ~2.9% done | elapsed: 70020s
    ... ~2.9% done | elapsed: 70050s
    ... ~2.9% done | elapsed: 70080s
    ... ~2.9% done | elapsed: 70110s
    ... ~2.9% done | elapsed: 70140s
    ... ~2.9% done | elapsed: 70170s
    ... ~2.9% done | elapsed: 70200s
    ... ~2.9% done | elapsed: 70230s
    ... ~2.9% done | elapsed: 70260s
    ... ~2.9% done | elapsed: 70290s
    ... ~2.9% done | elapsed: 70320s
    ... ~2.9% done | elapsed: 70350s
    ... ~2.9% done | elapsed: 70380s
    ... ~2.9% done | elapsed: 70410s
    ... ~2.9% done | elapsed: 70440s
    ... ~2.9% done | elapsed: 70470s
    ... ~2.9% done | elapsed: 70500s
    ... ~2.9% done | elapsed: 70530s
    ... ~2.9% done | elapsed: 70560s
    ... ~2.9% done | elapsed: 70590s
    ... ~2.9% done | elapsed: 70620s
    ... ~2.9% done | elapsed: 70650s
    ... ~2.9% done | elapsed: 70680s
    ... ~2.9% done | elapsed: 70710s
    ... ~2.9% done | elapsed: 70740s
    ... ~2.9% done | elapsed: 70770s
    ... ~2.9% done | elapsed: 70800s
    ... ~2.9% done | elapsed: 70830s
    ... ~2.9% done | elapsed: 70860s
    ... ~3.0% done | elapsed: 70890s
    ... ~3.0% done | elapsed: 70920s
    ... ~3.0% done | elapsed: 70950s
    ... ~3.0% done | elapsed: 70980s
    ... ~3.0% done | elapsed: 71010s
    ... ~3.0% done | elapsed: 71040s
    ... ~3.0% done | elapsed: 71070s
    ... ~3.0% done | elapsed: 71100s
    ... ~3.0% done | elapsed: 71130s
    ... ~3.0% done | elapsed: 71160s
    ... ~3.0% done | elapsed: 71190s
    ... ~3.0% done | elapsed: 71220s
    ... ~3.0% done | elapsed: 71250s
    ... ~3.0% done | elapsed: 71280s
    ... ~3.0% done | elapsed: 71310s
    ... ~3.0% done | elapsed: 71340s
    ... ~3.0% done | elapsed: 71370s
    ... ~3.0% done | elapsed: 71400s
    ... ~3.0% done | elapsed: 71430s
    ... ~3.0% done | elapsed: 71460s
    ... ~3.0% done | elapsed: 71490s
    ... ~3.0% done | elapsed: 71520s
    ... ~3.0% done | elapsed: 71550s
    ... ~3.0% done | elapsed: 71580s
    ... ~3.0% done | elapsed: 71610s
    ... ~3.0% done | elapsed: 71640s
    ... ~3.0% done | elapsed: 71670s
    ... ~3.0% done | elapsed: 71700s
    ... ~3.0% done | elapsed: 71730s
    ... ~3.0% done | elapsed: 71760s
    ... ~3.0% done | elapsed: 71790s
    ... ~3.0% done | elapsed: 71820s
    ... ~3.0% done | elapsed: 71850s
    ... ~3.0% done | elapsed: 71880s
    ... ~3.0% done | elapsed: 71910s
    ... ~3.0% done | elapsed: 71940s
    ... ~3.0% done | elapsed: 71970s
    ... ~3.0% done | elapsed: 72000s
    ... ~3.0% done | elapsed: 72030s
    ... ~3.0% done | elapsed: 72060s
    ... ~3.0% done | elapsed: 72090s
    ... ~3.0% done | elapsed: 72120s
    ... ~3.0% done | elapsed: 72150s
    ... ~3.0% done | elapsed: 72180s
    ... ~3.0% done | elapsed: 72210s
    ... ~3.0% done | elapsed: 72240s
    ... ~3.0% done | elapsed: 72270s
    ... ~3.0% done | elapsed: 72300s
    ... ~3.0% done | elapsed: 72330s
    ... ~3.0% done | elapsed: 72360s
    ... ~3.0% done | elapsed: 72390s
    ... ~3.0% done | elapsed: 72420s
    ... ~3.0% done | elapsed: 72450s
    ... ~3.0% done | elapsed: 72480s
    ... ~3.0% done | elapsed: 72510s
    ... ~3.0% done | elapsed: 72540s
    ... ~3.0% done | elapsed: 72570s
    ... ~3.0% done | elapsed: 72600s
    ... ~3.0% done | elapsed: 72630s
    ... ~3.0% done | elapsed: 72660s
    ... ~3.0% done | elapsed: 72690s
    ... ~3.0% done | elapsed: 72720s
    ... ~3.0% done | elapsed: 72750s
    ... ~3.0% done | elapsed: 72780s
    ... ~3.0% done | elapsed: 72810s
    ... ~3.0% done | elapsed: 72840s
    ... ~3.0% done | elapsed: 72870s
    ... ~3.0% done | elapsed: 72900s
    ... ~3.0% done | elapsed: 72930s
    ... ~3.0% done | elapsed: 72960s
    ... ~3.0% done | elapsed: 72990s
    ... ~3.0% done | elapsed: 73020s
    ... ~3.0% done | elapsed: 73050s
    ... ~3.0% done | elapsed: 73080s
    ... ~3.0% done | elapsed: 73110s
    ... ~3.0% done | elapsed: 73140s
    ... ~3.0% done | elapsed: 73170s
    ... ~3.0% done | elapsed: 73200s
    ... ~3.0% done | elapsed: 73230s
    ... ~3.0% done | elapsed: 73260s
    ... ~3.1% done | elapsed: 73290s
    ... ~3.1% done | elapsed: 73320s
    ... ~3.1% done | elapsed: 73350s
    ... ~3.1% done | elapsed: 73380s
    ... ~3.1% done | elapsed: 73410s
    ... ~3.1% done | elapsed: 73440s
    ... ~3.1% done | elapsed: 73470s
    ... ~3.1% done | elapsed: 73500s
    ... ~3.1% done | elapsed: 73530s
    ... ~3.1% done | elapsed: 73560s
    ... ~3.1% done | elapsed: 73590s
    ... ~3.1% done | elapsed: 73620s
    ... ~3.1% done | elapsed: 73650s
    ... ~3.1% done | elapsed: 73680s
    ... ~3.1% done | elapsed: 73710s
    ... ~3.1% done | elapsed: 73740s
    ... ~3.1% done | elapsed: 73770s
    ... ~3.1% done | elapsed: 73800s
    ... ~3.1% done | elapsed: 73830s
    ... ~3.1% done | elapsed: 73860s
    ... ~3.1% done | elapsed: 73890s
    ... ~3.1% done | elapsed: 73920s
    ... ~3.1% done | elapsed: 73950s
    ... ~3.1% done | elapsed: 73980s
    ... ~3.1% done | elapsed: 74010s
    ... ~3.1% done | elapsed: 74040s
    ... ~3.1% done | elapsed: 74070s
    ... ~3.1% done | elapsed: 74100s
    ... ~3.1% done | elapsed: 74130s
    ... ~3.1% done | elapsed: 74160s
    ... ~3.1% done | elapsed: 74190s
    ... ~3.1% done | elapsed: 74220s
    ... ~3.1% done | elapsed: 74250s
    ... ~3.1% done | elapsed: 74280s
    ... ~3.1% done | elapsed: 74310s
    ... ~3.1% done | elapsed: 74340s
    ... ~3.1% done | elapsed: 74370s
    ... ~3.1% done | elapsed: 74400s
    ... ~3.1% done | elapsed: 74430s
    ... ~3.1% done | elapsed: 74460s
    ... ~3.1% done | elapsed: 74490s
    ... ~3.1% done | elapsed: 74520s
    ... ~3.1% done | elapsed: 74550s
    ... ~3.1% done | elapsed: 74580s
    ... ~3.1% done | elapsed: 74610s
    ... ~3.1% done | elapsed: 74640s
    ... ~3.1% done | elapsed: 74670s
    ... ~3.1% done | elapsed: 74700s
    ... ~3.1% done | elapsed: 74730s
    ... ~3.1% done | elapsed: 74760s
    ... ~3.1% done | elapsed: 74790s
    ... ~3.1% done | elapsed: 74820s
    ... ~3.1% done | elapsed: 74850s
    ... ~3.1% done | elapsed: 74880s
    ... ~3.1% done | elapsed: 74910s
    ... ~3.1% done | elapsed: 74940s
    ... ~3.1% done | elapsed: 74970s
    ... ~3.1% done | elapsed: 75000s
    ... ~3.1% done | elapsed: 75030s
    ... ~3.1% done | elapsed: 75060s
    ... ~3.1% done | elapsed: 75090s
    ... ~3.1% done | elapsed: 75120s
    ... ~3.1% done | elapsed: 75150s
    ... ~3.1% done | elapsed: 75180s
    ... ~3.1% done | elapsed: 75210s
    ... ~3.1% done | elapsed: 75240s
    ... ~3.1% done | elapsed: 75270s
    ... ~3.1% done | elapsed: 75300s
    ... ~3.1% done | elapsed: 75330s
    ... ~3.1% done | elapsed: 75360s
    ... ~3.1% done | elapsed: 75390s
    ... ~3.1% done | elapsed: 75420s
    ... ~3.1% done | elapsed: 75450s
    ... ~3.1% done | elapsed: 75480s
    ... ~3.1% done | elapsed: 75510s
    ... ~3.1% done | elapsed: 75540s
    ... ~3.1% done | elapsed: 75570s
    ... ~3.1% done | elapsed: 75600s
    ... ~3.1% done | elapsed: 75630s
    ... ~3.1% done | elapsed: 75660s
    ... ~3.2% done | elapsed: 75690s
    ... ~3.2% done | elapsed: 75720s
    ... ~3.2% done | elapsed: 75750s
    ... ~3.2% done | elapsed: 75780s
    ... ~3.2% done | elapsed: 75810s
    ... ~3.2% done | elapsed: 75840s
    ... ~3.2% done | elapsed: 75870s
    ... ~3.2% done | elapsed: 75900s
    ... ~3.2% done | elapsed: 75930s
    ... ~3.2% done | elapsed: 75960s
    ... ~3.2% done | elapsed: 75990s
    ... ~3.2% done | elapsed: 76020s
    ... ~3.2% done | elapsed: 76050s
    ... ~3.2% done | elapsed: 76080s
    ... ~3.2% done | elapsed: 76110s
    ... ~3.2% done | elapsed: 76140s
    ... ~3.2% done | elapsed: 76170s
    ... ~3.2% done | elapsed: 76200s
    ... ~3.2% done | elapsed: 76230s
    ... ~3.2% done | elapsed: 76260s
    ... ~3.2% done | elapsed: 76290s
    ... ~3.2% done | elapsed: 76320s
    ... ~3.2% done | elapsed: 76350s
    ... ~3.2% done | elapsed: 76380s
    ... ~3.2% done | elapsed: 76410s
    ... ~3.2% done | elapsed: 76440s
    ... ~3.2% done | elapsed: 76470s
    ... ~3.2% done | elapsed: 76500s
    ... ~3.2% done | elapsed: 76530s
    ... ~3.2% done | elapsed: 76560s
    ... ~3.2% done | elapsed: 76590s
    ... ~3.2% done | elapsed: 76620s
    ... ~3.2% done | elapsed: 76650s
    ... ~3.2% done | elapsed: 76680s
    ... ~3.2% done | elapsed: 76710s
    ... ~3.2% done | elapsed: 76740s
    ... ~3.2% done | elapsed: 76770s
    ... ~3.2% done | elapsed: 76800s
    ... ~3.2% done | elapsed: 76830s
    ... ~3.2% done | elapsed: 76860s
    ... ~3.2% done | elapsed: 76890s
    ... ~3.2% done | elapsed: 76920s
    ... ~3.2% done | elapsed: 76950s
    ... ~3.2% done | elapsed: 76980s
    ... ~3.2% done | elapsed: 77010s
    ... ~3.2% done | elapsed: 77040s
    ... ~3.2% done | elapsed: 77070s
    ... ~3.2% done | elapsed: 77100s
    ... ~3.2% done | elapsed: 77130s
    ... ~3.2% done | elapsed: 77160s
    ... ~3.2% done | elapsed: 77190s
    ... ~3.2% done | elapsed: 77220s
    ... ~3.2% done | elapsed: 77250s
    ... ~3.2% done | elapsed: 77280s
    ... ~3.2% done | elapsed: 77310s
    ... ~3.2% done | elapsed: 77340s
    ... ~3.2% done | elapsed: 77370s
    ... ~3.2% done | elapsed: 77400s
    ... ~3.2% done | elapsed: 77430s
    ... ~3.2% done | elapsed: 77460s
    ... ~3.2% done | elapsed: 77490s
    ... ~3.2% done | elapsed: 77520s
    ... ~3.2% done | elapsed: 77550s
    ... ~3.2% done | elapsed: 77580s
    ... ~3.2% done | elapsed: 77610s
    ... ~3.2% done | elapsed: 77640s
    ... ~3.2% done | elapsed: 77670s
    ... ~3.2% done | elapsed: 77700s
    ... ~3.2% done | elapsed: 77730s
    ... ~3.2% done | elapsed: 77760s
    ... ~3.2% done | elapsed: 77790s
    ... ~3.2% done | elapsed: 77820s
    ... ~3.2% done | elapsed: 77850s
    ... ~3.2% done | elapsed: 77880s
    ... ~3.2% done | elapsed: 77910s
    ... ~3.2% done | elapsed: 77940s
    ... ~3.2% done | elapsed: 77970s
    ... ~3.2% done | elapsed: 78000s
    ... ~3.2% done | elapsed: 78030s
    ... ~3.2% done | elapsed: 78060s
    ... ~3.3% done | elapsed: 78090s
    ... ~3.3% done | elapsed: 78120s
    ... ~3.3% done | elapsed: 78150s
    ... ~3.3% done | elapsed: 78180s
    ... ~3.3% done | elapsed: 78210s
    ... ~3.3% done | elapsed: 78240s
    ... ~3.3% done | elapsed: 78270s
    ... ~3.3% done | elapsed: 78300s
    ... ~3.3% done | elapsed: 78330s
    ... ~3.3% done | elapsed: 78360s
    ... ~3.3% done | elapsed: 78390s
    ... ~3.3% done | elapsed: 78420s
    ... ~3.3% done | elapsed: 78450s
    ... ~3.3% done | elapsed: 78480s
    ... ~3.3% done | elapsed: 78510s
    ... ~3.3% done | elapsed: 78540s
    ... ~3.3% done | elapsed: 78570s
    ... ~3.3% done | elapsed: 78600s
    ... ~3.3% done | elapsed: 78630s
    ... ~3.3% done | elapsed: 78660s
    ... ~3.3% done | elapsed: 78690s
    ... ~3.3% done | elapsed: 78720s
    ... ~3.3% done | elapsed: 78750s
    ... ~3.3% done | elapsed: 78780s
    ... ~3.3% done | elapsed: 78810s
    ... ~3.3% done | elapsed: 78840s
    ... ~3.3% done | elapsed: 78870s
    ... ~3.3% done | elapsed: 78900s
    ... ~3.3% done | elapsed: 78930s
    ... ~3.3% done | elapsed: 78960s
    ... ~3.3% done | elapsed: 78990s
    ... ~3.3% done | elapsed: 79020s
    ... ~3.3% done | elapsed: 79050s
    ... ~3.3% done | elapsed: 79080s
    ... ~3.3% done | elapsed: 79110s
    ... ~3.3% done | elapsed: 79140s
    ... ~3.3% done | elapsed: 79170s
    ... ~3.3% done | elapsed: 79200s
    ... ~3.3% done | elapsed: 79230s
    ... ~3.3% done | elapsed: 79260s
    ... ~3.3% done | elapsed: 79290s
    ... ~3.3% done | elapsed: 79320s
    ... ~3.3% done | elapsed: 79350s
    ... ~3.3% done | elapsed: 79380s
    ... ~3.3% done | elapsed: 79410s
    ... ~3.3% done | elapsed: 79440s
    ... ~3.3% done | elapsed: 79470s
    ... ~3.3% done | elapsed: 79500s
    ... ~3.3% done | elapsed: 79530s
    ... ~3.3% done | elapsed: 79560s
    ... ~3.3% done | elapsed: 79590s
    ... ~3.3% done | elapsed: 79620s
    ... ~3.3% done | elapsed: 79650s
    ... ~3.3% done | elapsed: 79680s
    ... ~3.3% done | elapsed: 79710s
    ... ~3.3% done | elapsed: 79740s
    ... ~3.3% done | elapsed: 79770s
    ... ~3.3% done | elapsed: 79800s
    ... ~3.3% done | elapsed: 79830s
    ... ~3.3% done | elapsed: 79860s
    ... ~3.3% done | elapsed: 79890s
    ... ~3.3% done | elapsed: 79920s
    ... ~3.3% done | elapsed: 79950s
    ... ~3.3% done | elapsed: 79980s
    ... ~3.3% done | elapsed: 80010s
    ... ~3.3% done | elapsed: 80040s
    ... ~3.3% done | elapsed: 80070s
    ... ~3.3% done | elapsed: 80100s
    ... ~3.3% done | elapsed: 80130s
    ... ~3.3% done | elapsed: 80160s
    ... ~3.3% done | elapsed: 80190s
    ... ~3.3% done | elapsed: 80220s
    ... ~3.3% done | elapsed: 80250s
    ... ~3.3% done | elapsed: 80280s
    ... ~3.3% done | elapsed: 80310s
    ... ~3.3% done | elapsed: 80340s
    ... ~3.3% done | elapsed: 80370s
    ... ~3.3% done | elapsed: 80400s
    ... ~3.3% done | elapsed: 80430s
    ... ~3.3% done | elapsed: 80460s
    ... ~3.4% done | elapsed: 80490s
    ... ~3.4% done | elapsed: 80520s
    ... ~3.4% done | elapsed: 80550s
    ... ~3.4% done | elapsed: 80580s
    ... ~3.4% done | elapsed: 80610s
    ... ~3.4% done | elapsed: 80640s
    ... ~3.4% done | elapsed: 80670s
    ... ~3.4% done | elapsed: 80700s
    ... ~3.4% done | elapsed: 80730s
    ... ~3.4% done | elapsed: 80760s
    ... ~3.4% done | elapsed: 80790s
    ... ~3.4% done | elapsed: 80820s
    ... ~3.4% done | elapsed: 80850s
    ... ~3.4% done | elapsed: 80880s
    ... ~3.4% done | elapsed: 80910s
    ... ~3.4% done | elapsed: 80940s
    ... ~3.4% done | elapsed: 80970s
    ... ~3.4% done | elapsed: 81000s
    ... ~3.4% done | elapsed: 81030s
    ... ~3.4% done | elapsed: 81060s
    ... ~3.4% done | elapsed: 81090s
    ... ~3.4% done | elapsed: 81120s
    ... ~3.4% done | elapsed: 81150s
    ... ~3.4% done | elapsed: 81180s
    ... ~3.4% done | elapsed: 81210s
    ... ~3.4% done | elapsed: 81240s
    ... ~3.4% done | elapsed: 81270s
    ... ~3.4% done | elapsed: 81300s
    ... ~3.4% done | elapsed: 81330s
    ... ~3.4% done | elapsed: 81360s
    ... ~3.4% done | elapsed: 81390s
    ... ~3.4% done | elapsed: 81420s
    ... ~3.4% done | elapsed: 81450s
    ... ~3.4% done | elapsed: 81480s
    ... ~3.4% done | elapsed: 81510s
    ... ~3.4% done | elapsed: 81540s
    ... ~3.4% done | elapsed: 81570s
    ... ~3.4% done | elapsed: 81600s
    ... ~3.4% done | elapsed: 81630s
    ... ~3.4% done | elapsed: 81660s
    ... ~3.4% done | elapsed: 81690s
    ... ~3.4% done | elapsed: 81720s
    ... ~3.4% done | elapsed: 81750s
    ... ~3.4% done | elapsed: 81780s
    ... ~3.4% done | elapsed: 81810s
    ... ~3.4% done | elapsed: 81840s
    ... ~3.4% done | elapsed: 81870s
    ... ~3.4% done | elapsed: 81900s
    ... ~3.4% done | elapsed: 81930s
    ... ~3.4% done | elapsed: 81960s
    ... ~3.4% done | elapsed: 81990s
    ... ~3.4% done | elapsed: 82020s
    ... ~3.4% done | elapsed: 82050s
    ... ~3.4% done | elapsed: 82080s
    ... ~3.4% done | elapsed: 82110s
    ... ~3.4% done | elapsed: 82140s
    ... ~3.4% done | elapsed: 82170s
    ... ~3.4% done | elapsed: 82200s
    ... ~3.4% done | elapsed: 82230s
    ... ~3.4% done | elapsed: 82260s
    ... ~3.4% done | elapsed: 82290s
    ... ~3.4% done | elapsed: 82320s
    ... ~3.4% done | elapsed: 82350s
    ... ~3.4% done | elapsed: 82380s
    ... ~3.4% done | elapsed: 82410s
    ... ~3.4% done | elapsed: 82440s
    ... ~3.4% done | elapsed: 82470s
    ... ~3.4% done | elapsed: 82500s
    ... ~3.4% done | elapsed: 82530s
    ... ~3.4% done | elapsed: 82560s
    ... ~3.4% done | elapsed: 82590s
    ... ~3.4% done | elapsed: 82620s
    ... ~3.4% done | elapsed: 82650s
    ... ~3.4% done | elapsed: 82680s
    ... ~3.4% done | elapsed: 82710s
    ... ~3.4% done | elapsed: 82740s
    ... ~3.4% done | elapsed: 82770s
    ... ~3.4% done | elapsed: 82800s
    ... ~3.4% done | elapsed: 82830s
    ... ~3.4% done | elapsed: 82860s
    ... ~3.5% done | elapsed: 82890s
    ... ~3.5% done | elapsed: 82920s
    ... ~3.5% done | elapsed: 82950s
    ... ~3.5% done | elapsed: 82980s
    ... ~3.5% done | elapsed: 83010s
    ... ~3.5% done | elapsed: 83040s
    ... ~3.5% done | elapsed: 83070s
    ... ~3.5% done | elapsed: 83100s
    ... ~3.5% done | elapsed: 83130s
    ... ~3.5% done | elapsed: 83160s
    ... ~3.5% done | elapsed: 83190s
    ... ~3.5% done | elapsed: 83220s
    ... ~3.5% done | elapsed: 83250s
    ... ~3.5% done | elapsed: 83280s
    ... ~3.5% done | elapsed: 83310s
    ... ~3.5% done | elapsed: 83340s
    ... ~3.5% done | elapsed: 83370s
    ... ~3.5% done | elapsed: 83400s
    ... ~3.5% done | elapsed: 83430s
    ... ~3.5% done | elapsed: 83460s
    ... ~3.5% done | elapsed: 83490s
    ... ~3.5% done | elapsed: 83520s
    ... ~3.5% done | elapsed: 83550s
    ... ~3.5% done | elapsed: 83580s
    ... ~3.5% done | elapsed: 83610s
    ... ~3.5% done | elapsed: 83640s
    ... ~3.5% done | elapsed: 83670s
    ... ~3.5% done | elapsed: 83700s
    ... ~3.5% done | elapsed: 83730s
    ... ~3.5% done | elapsed: 83760s
    ... ~3.5% done | elapsed: 83790s
    ... ~3.5% done | elapsed: 83820s
    ... ~3.5% done | elapsed: 83850s
    ... ~3.5% done | elapsed: 83880s
    ... ~3.5% done | elapsed: 83910s
    ... ~3.5% done | elapsed: 83940s
    ... ~3.5% done | elapsed: 83970s
    ... ~3.5% done | elapsed: 84000s
    ... ~3.5% done | elapsed: 84030s
    ... ~3.5% done | elapsed: 84060s
    ... ~3.5% done | elapsed: 84090s
    ... ~3.5% done | elapsed: 84120s
    ... ~3.5% done | elapsed: 84150s
    ... ~3.5% done | elapsed: 84180s
    ... ~3.5% done | elapsed: 84210s
    ... ~3.5% done | elapsed: 84240s
    ... ~3.5% done | elapsed: 84270s
    ... ~3.5% done | elapsed: 84300s
    ... ~3.5% done | elapsed: 84330s
    ... ~3.5% done | elapsed: 84360s
    ... ~3.5% done | elapsed: 84390s
    ... ~3.5% done | elapsed: 84420s
    ... ~3.5% done | elapsed: 84450s
    ... ~3.5% done | elapsed: 84480s
    ... ~3.5% done | elapsed: 84510s
    ... ~3.5% done | elapsed: 84540s
    ... ~3.5% done | elapsed: 84570s
    ... ~3.5% done | elapsed: 84600s
    ... ~3.5% done | elapsed: 84630s
    ... ~3.5% done | elapsed: 84660s
    ... ~3.5% done | elapsed: 84690s
    ... ~3.5% done | elapsed: 84720s
    ... ~3.5% done | elapsed: 84750s
    ... ~3.5% done | elapsed: 84780s
    ... ~3.5% done | elapsed: 84810s
    ... ~3.5% done | elapsed: 84840s
    ... ~3.5% done | elapsed: 84870s
    ... ~3.5% done | elapsed: 84900s
    ... ~3.5% done | elapsed: 84930s
    ... ~3.5% done | elapsed: 84960s
    ... ~3.5% done | elapsed: 84990s
    ... ~3.5% done | elapsed: 85020s
    ... ~3.5% done | elapsed: 85050s
    ... ~3.5% done | elapsed: 85080s
    ... ~3.5% done | elapsed: 85110s
    ... ~3.5% done | elapsed: 85140s
    ... ~3.5% done | elapsed: 85170s
    ... ~3.5% done | elapsed: 85200s
    ... ~3.5% done | elapsed: 85230s
    ... ~3.5% done | elapsed: 85260s
    ... ~3.6% done | elapsed: 85290s
    ... ~3.6% done | elapsed: 85320s
    ... ~3.6% done | elapsed: 85350s
    ... ~3.6% done | elapsed: 85380s
    ... ~3.6% done | elapsed: 85410s
    ... ~3.6% done | elapsed: 85440s
    ... ~3.6% done | elapsed: 85470s
    ... ~3.6% done | elapsed: 85500s
    ... ~3.6% done | elapsed: 85530s
    ... ~3.6% done | elapsed: 85560s
    ... ~3.6% done | elapsed: 85590s
    ... ~3.6% done | elapsed: 85620s
    ... ~3.6% done | elapsed: 85650s
    ... ~3.6% done | elapsed: 85680s
    ... ~3.6% done | elapsed: 85710s
    ... ~3.6% done | elapsed: 85740s
    ... ~3.6% done | elapsed: 85770s
    ... ~3.6% done | elapsed: 85800s
    ... ~3.6% done | elapsed: 85830s
    ... ~3.6% done | elapsed: 85860s
    ... ~3.6% done | elapsed: 85890s
    ... ~3.6% done | elapsed: 85920s
    ... ~3.6% done | elapsed: 85950s
    ... ~3.6% done | elapsed: 85980s
    ... ~3.6% done | elapsed: 86010s
    ... ~3.6% done | elapsed: 86040s
    ... ~3.6% done | elapsed: 86070s
    ... ~3.6% done | elapsed: 86100s
    ... ~3.6% done | elapsed: 86130s
    ... ~3.6% done | elapsed: 86160s
    ... ~3.6% done | elapsed: 86190s
    ... ~3.6% done | elapsed: 86220s
    ... ~3.6% done | elapsed: 86250s
    ... ~3.6% done | elapsed: 86280s
    ... ~3.6% done | elapsed: 86310s
    ... ~3.6% done | elapsed: 86340s
    ... ~3.6% done | elapsed: 86370s
    ... ~3.6% done | elapsed: 86400s
    ... ~3.6% done | elapsed: 86430s
    ... ~3.6% done | elapsed: 86460s
    ... ~3.6% done | elapsed: 86490s
    ... ~3.6% done | elapsed: 86520s
    ... ~3.6% done | elapsed: 86550s
    ... ~3.6% done | elapsed: 86580s
    ... ~3.6% done | elapsed: 86610s
    ... ~3.6% done | elapsed: 86640s
    ... ~3.6% done | elapsed: 86670s
    ... ~3.6% done | elapsed: 86700s
    ... ~3.6% done | elapsed: 86730s
    ... ~3.6% done | elapsed: 86760s
    ... ~3.6% done | elapsed: 86790s
    ... ~3.6% done | elapsed: 86820s
    ... ~3.6% done | elapsed: 86850s
    ... ~3.6% done | elapsed: 86880s
    ... ~3.6% done | elapsed: 86910s
    ... ~3.6% done | elapsed: 86940s
    ... ~3.6% done | elapsed: 86970s
    ... ~3.6% done | elapsed: 87000s
    ... ~3.6% done | elapsed: 87030s
    ... ~3.6% done | elapsed: 87060s
    ... ~3.6% done | elapsed: 87090s
    ... ~3.6% done | elapsed: 87120s
    ... ~3.6% done | elapsed: 87150s
    ... ~3.6% done | elapsed: 87180s
    ... ~3.6% done | elapsed: 87210s
    ... ~3.6% done | elapsed: 87240s
    ... ~3.6% done | elapsed: 87270s
    ... ~3.6% done | elapsed: 87300s
    ... ~3.6% done | elapsed: 87330s
    ... ~3.6% done | elapsed: 87360s
    ... ~3.6% done | elapsed: 87390s
    ... ~3.6% done | elapsed: 87420s
    ... ~3.6% done | elapsed: 87450s
    ... ~3.6% done | elapsed: 87480s
    ... ~3.6% done | elapsed: 87510s
    ... ~3.6% done | elapsed: 87540s
    ... ~3.6% done | elapsed: 87570s
    ... ~3.6% done | elapsed: 87600s
    ... ~3.6% done | elapsed: 87630s
    ... ~3.6% done | elapsed: 87660s
    ... ~3.7% done | elapsed: 87690s
    ... ~3.7% done | elapsed: 87720s
    ... ~3.7% done | elapsed: 87750s
    ... ~3.7% done | elapsed: 87780s
    ... ~3.7% done | elapsed: 87810s
    ... ~3.7% done | elapsed: 87840s
    ... ~3.7% done | elapsed: 87870s
    ... ~3.7% done | elapsed: 87900s
    ... ~3.7% done | elapsed: 87930s
    ... ~3.7% done | elapsed: 87960s
    ... ~3.7% done | elapsed: 87990s
    ... ~3.7% done | elapsed: 88020s
    ... ~3.7% done | elapsed: 88050s
    ... ~3.7% done | elapsed: 88080s
    ... ~3.7% done | elapsed: 88110s
    ... ~3.7% done | elapsed: 88140s
    ... ~3.7% done | elapsed: 88170s
    ... ~3.7% done | elapsed: 88200s
    ... ~3.7% done | elapsed: 88230s
    ... ~3.7% done | elapsed: 88260s
    ... ~3.7% done | elapsed: 88290s
    ... ~3.7% done | elapsed: 88320s
    ... ~3.7% done | elapsed: 88350s
    ... ~3.7% done | elapsed: 88380s
    ... ~3.7% done | elapsed: 88410s
    ... ~3.7% done | elapsed: 88440s
    ... ~3.7% done | elapsed: 88470s
    ... ~3.7% done | elapsed: 88500s
    ... ~3.7% done | elapsed: 88530s
    ... ~3.7% done | elapsed: 88560s
    ... ~3.7% done | elapsed: 88590s
    ... ~3.7% done | elapsed: 88620s
    ... ~3.7% done | elapsed: 88650s
    ... ~3.7% done | elapsed: 88680s
    ... ~3.7% done | elapsed: 88710s
    ... ~3.7% done | elapsed: 88740s
    ... ~3.7% done | elapsed: 88770s
    ... ~3.7% done | elapsed: 88800s
    ... ~3.7% done | elapsed: 88830s
    ... ~3.7% done | elapsed: 88860s
    ... ~3.7% done | elapsed: 88890s
    ... ~3.7% done | elapsed: 88920s
    ... ~3.7% done | elapsed: 88950s
    ... ~3.7% done | elapsed: 88980s
    ... ~3.7% done | elapsed: 89010s
    ... ~3.7% done | elapsed: 89040s
    ... ~3.7% done | elapsed: 89070s
    ... ~3.7% done | elapsed: 89100s
    ... ~3.7% done | elapsed: 89130s
    ... ~3.7% done | elapsed: 89160s
    ... ~3.7% done | elapsed: 89190s
    ... ~3.7% done | elapsed: 89220s
    ... ~3.7% done | elapsed: 89250s
    ... ~3.7% done | elapsed: 89280s
    ... ~3.7% done | elapsed: 89310s
    ... ~3.7% done | elapsed: 89340s
    ... ~3.7% done | elapsed: 89370s
    ... ~3.7% done | elapsed: 89400s
    ... ~3.7% done | elapsed: 89430s
    ... ~3.7% done | elapsed: 89460s
    ... ~3.7% done | elapsed: 89490s
    ... ~3.7% done | elapsed: 89520s
    ... ~3.7% done | elapsed: 89550s
    ... ~3.7% done | elapsed: 89580s
    ... ~3.7% done | elapsed: 89610s
    ... ~3.7% done | elapsed: 89640s
    ... ~3.7% done | elapsed: 89670s
    ... ~3.7% done | elapsed: 89700s
    ... ~3.7% done | elapsed: 89730s
    ... ~3.7% done | elapsed: 89760s
    ... ~3.7% done | elapsed: 89790s
    ... ~3.7% done | elapsed: 89820s
    ... ~3.7% done | elapsed: 89850s
    ... ~3.7% done | elapsed: 89880s
    ... ~3.7% done | elapsed: 89910s
    ... ~3.7% done | elapsed: 89940s
    ... ~3.7% done | elapsed: 89970s
    ... ~3.7% done | elapsed: 90000s
    ... ~3.7% done | elapsed: 90030s
    ... ~3.7% done | elapsed: 90060s
    ... ~3.8% done | elapsed: 90090s
    ... ~3.8% done | elapsed: 90120s
    ... ~3.8% done | elapsed: 90150s
    ... ~3.8% done | elapsed: 90180s
    ... ~3.8% done | elapsed: 90210s
    ... ~3.8% done | elapsed: 90240s
    ... ~3.8% done | elapsed: 90270s
    ... ~3.8% done | elapsed: 90300s
    ... ~3.8% done | elapsed: 90330s
    ... ~3.8% done | elapsed: 90360s
    ... ~3.8% done | elapsed: 90390s
    ... ~3.8% done | elapsed: 90420s
    ... ~3.8% done | elapsed: 90450s
    ... ~3.8% done | elapsed: 90480s
    ... ~3.8% done | elapsed: 90510s
    ... ~3.8% done | elapsed: 90540s
    ... ~3.8% done | elapsed: 90570s
    ... ~3.8% done | elapsed: 90600s
    ... ~3.8% done | elapsed: 90630s
    ... ~3.8% done | elapsed: 90660s
    ... ~3.8% done | elapsed: 90690s
    ... ~3.8% done | elapsed: 90720s
    ... ~3.8% done | elapsed: 90750s
    ... ~3.8% done | elapsed: 90780s
    ... ~3.8% done | elapsed: 90810s
    ... ~3.8% done | elapsed: 90840s
    ... ~3.8% done | elapsed: 90870s
    ... ~3.8% done | elapsed: 90900s
    ... ~3.8% done | elapsed: 90930s
    ... ~3.8% done | elapsed: 90960s
    ... ~3.8% done | elapsed: 90990s
    ... ~3.8% done | elapsed: 91020s
    ... ~3.8% done | elapsed: 91050s
    ... ~3.8% done | elapsed: 91080s
    ... ~3.8% done | elapsed: 91110s
    ... ~3.8% done | elapsed: 91140s
    ... ~3.8% done | elapsed: 91170s
    ... ~3.8% done | elapsed: 91200s
    ... ~3.8% done | elapsed: 91230s
    ... ~3.8% done | elapsed: 91260s
    ... ~3.8% done | elapsed: 91290s
    ... ~3.8% done | elapsed: 91320s
    ... ~3.8% done | elapsed: 91350s
    ... ~3.8% done | elapsed: 91380s
    ... ~3.8% done | elapsed: 91410s
    ... ~3.8% done | elapsed: 91440s
    ... ~3.8% done | elapsed: 91470s
    ... ~3.8% done | elapsed: 91500s
    ... ~3.8% done | elapsed: 91530s
    ... ~3.8% done | elapsed: 91560s
    ... ~3.8% done | elapsed: 91590s
    ... ~3.8% done | elapsed: 91620s
    ... ~3.8% done | elapsed: 91650s
    ... ~3.8% done | elapsed: 91680s
    ... ~3.8% done | elapsed: 91710s
    ... ~3.8% done | elapsed: 91740s
    ... ~3.8% done | elapsed: 91770s
    ... ~3.8% done | elapsed: 91800s
    ... ~3.8% done | elapsed: 91830s
    ... ~3.8% done | elapsed: 91860s
    ... ~3.8% done | elapsed: 91890s
    ... ~3.8% done | elapsed: 91920s
    ... ~3.8% done | elapsed: 91950s
    ... ~3.8% done | elapsed: 91980s
    ... ~3.8% done | elapsed: 92010s
    ... ~3.8% done | elapsed: 92040s
    ... ~3.8% done | elapsed: 92070s
    ... ~3.8% done | elapsed: 92100s
    ... ~3.8% done | elapsed: 92130s
    ... ~3.8% done | elapsed: 92160s
    ... ~3.8% done | elapsed: 92190s
    ... ~3.8% done | elapsed: 92220s
    ... ~3.8% done | elapsed: 92250s
    ... ~3.8% done | elapsed: 92280s
    ... ~3.8% done | elapsed: 92310s
    ... ~3.8% done | elapsed: 92340s
    ... ~3.8% done | elapsed: 92370s
    ... ~3.8% done | elapsed: 92400s
    ... ~3.8% done | elapsed: 92430s
    ... ~3.8% done | elapsed: 92460s
    ... ~3.9% done | elapsed: 92490s
    ... ~3.9% done | elapsed: 92520s
    ... ~3.9% done | elapsed: 92550s
    ... ~3.9% done | elapsed: 92580s
    ... ~3.9% done | elapsed: 92610s
    ... ~3.9% done | elapsed: 92640s
    ... ~3.9% done | elapsed: 92670s
    ... ~3.9% done | elapsed: 92700s
    ... ~3.9% done | elapsed: 92730s
    ... ~3.9% done | elapsed: 92760s
    ... ~3.9% done | elapsed: 92790s
    ... ~3.9% done | elapsed: 92820s
    ... ~3.9% done | elapsed: 92850s
    ... ~3.9% done | elapsed: 92880s
    ... ~3.9% done | elapsed: 92910s
    ... ~3.9% done | elapsed: 92940s
    ... ~3.9% done | elapsed: 92970s
    ... ~3.9% done | elapsed: 93000s
    ... ~3.9% done | elapsed: 93030s
    ... ~3.9% done | elapsed: 93060s
    ... ~3.9% done | elapsed: 93090s
    ... ~3.9% done | elapsed: 93120s
    ... ~3.9% done | elapsed: 93150s
    ... ~3.9% done | elapsed: 93180s
    ... ~3.9% done | elapsed: 93210s
    ... ~3.9% done | elapsed: 93240s
    ... ~3.9% done | elapsed: 93270s
    ... ~3.9% done | elapsed: 93300s
    ... ~3.9% done | elapsed: 93330s
    ... ~3.9% done | elapsed: 93360s
    ... ~3.9% done | elapsed: 93390s
    ... ~3.9% done | elapsed: 93420s
    ... ~3.9% done | elapsed: 93450s
    ... ~3.9% done | elapsed: 93480s
    ... ~3.9% done | elapsed: 93510s
    ... ~3.9% done | elapsed: 93540s
    ... ~3.9% done | elapsed: 93570s
    ... ~3.9% done | elapsed: 93600s
    ... ~3.9% done | elapsed: 93630s
    ... ~3.9% done | elapsed: 93660s
    ... ~3.9% done | elapsed: 93690s
    ... ~3.9% done | elapsed: 93720s
    ... ~3.9% done | elapsed: 93750s
    ... ~3.9% done | elapsed: 93780s
    ... ~3.9% done | elapsed: 93810s
    ... ~3.9% done | elapsed: 93840s
    ... ~3.9% done | elapsed: 93870s
    ... ~3.9% done | elapsed: 93900s
    ... ~3.9% done | elapsed: 93930s
    ... ~3.9% done | elapsed: 93960s
    ... ~3.9% done | elapsed: 93990s
    ... ~3.9% done | elapsed: 94020s
    ... ~3.9% done | elapsed: 94050s
    ... ~3.9% done | elapsed: 94080s
    ... ~3.9% done | elapsed: 94110s
    ... ~3.9% done | elapsed: 94140s
    ... ~3.9% done | elapsed: 94170s
    ... ~3.9% done | elapsed: 94200s
    ... ~3.9% done | elapsed: 94230s
    ... ~3.9% done | elapsed: 94260s
    ... ~3.9% done | elapsed: 94290s
    ... ~3.9% done | elapsed: 94320s
    ... ~3.9% done | elapsed: 94350s
    ... ~3.9% done | elapsed: 94380s
    ... ~3.9% done | elapsed: 94410s
    ... ~3.9% done | elapsed: 94440s
    ... ~3.9% done | elapsed: 94470s
    ... ~3.9% done | elapsed: 94500s
    ... ~3.9% done | elapsed: 94530s
    ... ~3.9% done | elapsed: 94560s
    ... ~3.9% done | elapsed: 94590s
    ... ~3.9% done | elapsed: 94620s
    ... ~3.9% done | elapsed: 94650s
    ... ~3.9% done | elapsed: 94680s
    ... ~3.9% done | elapsed: 94710s
    ... ~3.9% done | elapsed: 94740s
    ... ~3.9% done | elapsed: 94770s
    ... ~3.9% done | elapsed: 94800s
    ... ~3.9% done | elapsed: 94830s
    ... ~3.9% done | elapsed: 94860s
    ... ~3.9% done | elapsed: 94890s
    ... ~4.0% done | elapsed: 94920s
    ... ~4.0% done | elapsed: 94950s
    ... ~4.0% done | elapsed: 94980s
    ... ~4.0% done | elapsed: 95010s
    ... ~4.0% done | elapsed: 95040s
    ... ~4.0% done | elapsed: 95070s
    ... ~4.0% done | elapsed: 95100s
    ... ~4.0% done | elapsed: 95130s
    ... ~4.0% done | elapsed: 95160s
    ... ~4.0% done | elapsed: 95190s
    ... ~4.0% done | elapsed: 95220s
    ... ~4.0% done | elapsed: 95250s
    ... ~4.0% done | elapsed: 95280s
    ... ~4.0% done | elapsed: 95310s
    ... ~4.0% done | elapsed: 95340s
    ... ~4.0% done | elapsed: 95370s
    ... ~4.0% done | elapsed: 95400s
    ... ~4.0% done | elapsed: 95430s
    ... ~4.0% done | elapsed: 95460s
    ... ~4.0% done | elapsed: 95490s
    ... ~4.0% done | elapsed: 95520s
    ... ~4.0% done | elapsed: 95550s
    ... ~4.0% done | elapsed: 95580s
    ... ~4.0% done | elapsed: 95610s
    ... ~4.0% done | elapsed: 95640s
    ... ~4.0% done | elapsed: 95670s
    ... ~4.0% done | elapsed: 95700s
    ... ~4.0% done | elapsed: 95730s
    ... ~4.0% done | elapsed: 95760s
    ... ~4.0% done | elapsed: 95790s
    ... ~4.0% done | elapsed: 95820s
    ... ~4.0% done | elapsed: 95850s
    ... ~4.0% done | elapsed: 95880s
    ... ~4.0% done | elapsed: 95910s
    ... ~4.0% done | elapsed: 95940s
    ... ~4.0% done | elapsed: 95970s
    ... ~4.0% done | elapsed: 96000s
    ... ~4.0% done | elapsed: 96030s
    ... ~4.0% done | elapsed: 96060s
    ... ~4.0% done | elapsed: 96090s
    ... ~4.0% done | elapsed: 96120s
    ... ~4.0% done | elapsed: 96150s
    ... ~4.0% done | elapsed: 96180s
    ... ~4.0% done | elapsed: 96210s
    ... ~4.0% done | elapsed: 96240s
    ... ~4.0% done | elapsed: 96270s
    ... ~4.0% done | elapsed: 96300s
    ... ~4.0% done | elapsed: 96330s
    ... ~4.0% done | elapsed: 96360s
    ... ~4.0% done | elapsed: 96390s
    ... ~4.0% done | elapsed: 96420s
    ... ~4.0% done | elapsed: 96450s
    ... ~4.0% done | elapsed: 96480s
    ... ~4.0% done | elapsed: 96510s
    ... ~4.0% done | elapsed: 96540s
    ... ~4.0% done | elapsed: 96570s
    ... ~4.0% done | elapsed: 96600s
    ... ~4.0% done | elapsed: 96630s
    ... ~4.0% done | elapsed: 96660s
    ... ~4.0% done | elapsed: 96690s
    ... ~4.0% done | elapsed: 96720s
    ... ~4.0% done | elapsed: 96750s
    ... ~4.0% done | elapsed: 96780s
    ... ~4.0% done | elapsed: 96810s
    ... ~4.0% done | elapsed: 96840s
    ... ~4.0% done | elapsed: 96870s
    ... ~4.0% done | elapsed: 96900s
    ... ~4.0% done | elapsed: 96930s
    ... ~4.0% done | elapsed: 96960s
    ... ~4.0% done | elapsed: 96990s
    ... ~4.0% done | elapsed: 97020s
    ... ~4.0% done | elapsed: 97050s
    ... ~4.0% done | elapsed: 97080s
    ... ~4.0% done | elapsed: 97110s
    ... ~4.0% done | elapsed: 97140s
    ... ~4.0% done | elapsed: 97170s
    ... ~4.0% done | elapsed: 97200s
    ... ~4.0% done | elapsed: 97230s
    ... ~4.0% done | elapsed: 97260s
    ... ~4.0% done | elapsed: 97290s
    ... ~4.1% done | elapsed: 97320s
    ... ~4.1% done | elapsed: 97350s
    ... ~4.1% done | elapsed: 97380s
    ... ~4.1% done | elapsed: 97410s
    ... ~4.1% done | elapsed: 97440s
    ... ~4.1% done | elapsed: 97470s
    ... ~4.1% done | elapsed: 97500s
    ... ~4.1% done | elapsed: 97530s
    ... ~4.1% done | elapsed: 97560s
    ... ~4.1% done | elapsed: 97590s
    ... ~4.1% done | elapsed: 97620s
    ... ~4.1% done | elapsed: 97650s
    ... ~4.1% done | elapsed: 97680s
    ... ~4.1% done | elapsed: 97710s
    ... ~4.1% done | elapsed: 97740s
    ... ~4.1% done | elapsed: 97770s
    ... ~4.1% done | elapsed: 97800s
    ... ~4.1% done | elapsed: 97830s
    ... ~4.1% done | elapsed: 97860s
    ... ~4.1% done | elapsed: 97890s
    ... ~4.1% done | elapsed: 97920s
    ... ~4.1% done | elapsed: 97950s
    ... ~4.1% done | elapsed: 97980s
    ... ~4.1% done | elapsed: 98010s
    ... ~4.1% done | elapsed: 98040s
    ... ~4.1% done | elapsed: 98070s
    ... ~4.1% done | elapsed: 98100s
    ... ~4.1% done | elapsed: 98130s
    ... ~4.1% done | elapsed: 98160s
    ... ~4.1% done | elapsed: 98190s
    ... ~4.1% done | elapsed: 98220s
    ... ~4.1% done | elapsed: 98250s
    ... ~4.1% done | elapsed: 98280s
    ... ~4.1% done | elapsed: 98310s
    ... ~4.1% done | elapsed: 98340s
    ... ~4.1% done | elapsed: 98370s
    ... ~4.1% done | elapsed: 98400s
    ... ~4.1% done | elapsed: 98430s
    ... ~4.1% done | elapsed: 98460s
    ... ~4.1% done | elapsed: 98490s
    ... ~4.1% done | elapsed: 98520s
    ... ~4.1% done | elapsed: 98550s
    ... ~4.1% done | elapsed: 98580s
    ... ~4.1% done | elapsed: 98610s
    ... ~4.1% done | elapsed: 98640s
    ... ~4.1% done | elapsed: 98670s
    ... ~4.1% done | elapsed: 98700s
    ... ~4.1% done | elapsed: 98730s
    ... ~4.1% done | elapsed: 98760s
    ... ~4.1% done | elapsed: 98790s
    ... ~4.1% done | elapsed: 98820s
    ... ~4.1% done | elapsed: 98850s
    ... ~4.1% done | elapsed: 98880s
    ... ~4.1% done | elapsed: 98910s
    ... ~4.1% done | elapsed: 98940s
    ... ~4.1% done | elapsed: 98970s
    ... ~4.1% done | elapsed: 99000s
    ... ~4.1% done | elapsed: 99030s
    ... ~4.1% done | elapsed: 99060s
    ... ~4.1% done | elapsed: 99090s
    ... ~4.1% done | elapsed: 99120s
    ... ~4.1% done | elapsed: 99150s
    ... ~4.1% done | elapsed: 99180s
    ... ~4.1% done | elapsed: 99210s
    ... ~4.1% done | elapsed: 99240s
    ... ~4.1% done | elapsed: 99270s
    ... ~4.1% done | elapsed: 99300s
    ... ~4.1% done | elapsed: 99330s
    ... ~4.1% done | elapsed: 99360s
    ... ~4.1% done | elapsed: 99390s
    ... ~4.1% done | elapsed: 99420s
    ... ~4.1% done | elapsed: 99450s
    ... ~4.1% done | elapsed: 99480s
    ... ~4.1% done | elapsed: 99510s
    ... ~4.1% done | elapsed: 99540s
    ... ~4.1% done | elapsed: 99570s
    ... ~4.1% done | elapsed: 99600s
    ... ~4.1% done | elapsed: 99630s
    ... ~4.1% done | elapsed: 99660s
    ... ~4.1% done | elapsed: 99690s
    ... ~4.2% done | elapsed: 99720s
    ... ~4.2% done | elapsed: 99750s
    ... ~4.2% done | elapsed: 99780s
    ... ~4.2% done | elapsed: 99810s
    ... ~4.2% done | elapsed: 99840s
    ... ~4.2% done | elapsed: 99870s
    ... ~4.2% done | elapsed: 99900s
    ... ~4.2% done | elapsed: 99930s
    ... ~4.2% done | elapsed: 99960s
    ... ~4.2% done | elapsed: 99990s
    ... ~4.2% done | elapsed: 100020s
    ... ~4.2% done | elapsed: 100050s
    ... ~4.2% done | elapsed: 100080s
    ... ~4.2% done | elapsed: 100110s
    ... ~4.2% done | elapsed: 100140s
    ... ~4.2% done | elapsed: 100170s
    ... ~4.2% done | elapsed: 100200s
    ... ~4.2% done | elapsed: 100230s
    ... ~4.2% done | elapsed: 100260s
    ... ~4.2% done | elapsed: 100290s
    ... ~4.2% done | elapsed: 100320s
    ... ~4.2% done | elapsed: 100350s
    ... ~4.2% done | elapsed: 100380s
    ... ~4.2% done | elapsed: 100410s
    ... ~4.2% done | elapsed: 100440s
    ... ~4.2% done | elapsed: 100470s
    ... ~4.2% done | elapsed: 100500s
    ... ~4.2% done | elapsed: 100530s
    ... ~4.2% done | elapsed: 100560s
    ... ~4.2% done | elapsed: 100590s
    ... ~4.2% done | elapsed: 100620s
    ... ~4.2% done | elapsed: 100650s
    ... ~4.2% done | elapsed: 100680s
    ... ~4.2% done | elapsed: 100710s
    ... ~4.2% done | elapsed: 100740s
    ... ~4.2% done | elapsed: 100770s
    ... ~4.2% done | elapsed: 100800s
    ... ~4.2% done | elapsed: 100830s
    ... ~4.2% done | elapsed: 100860s
    ... ~4.2% done | elapsed: 100890s
    ... ~4.2% done | elapsed: 100920s
    ... ~4.2% done | elapsed: 100950s
    ... ~4.2% done | elapsed: 100980s
    ... ~4.2% done | elapsed: 101010s
    ... ~4.2% done | elapsed: 101040s
    ... ~4.2% done | elapsed: 101070s
    ... ~4.2% done | elapsed: 101100s
    ... ~4.2% done | elapsed: 101130s
    ... ~4.2% done | elapsed: 101160s
    ... ~4.2% done | elapsed: 101190s
    ... ~4.2% done | elapsed: 101220s
    ... ~4.2% done | elapsed: 101250s
    ... ~4.2% done | elapsed: 101280s
    ... ~4.2% done | elapsed: 101310s
    ... ~4.2% done | elapsed: 101340s
    ... ~4.2% done | elapsed: 101370s
    ... ~4.2% done | elapsed: 101400s
    ... ~4.2% done | elapsed: 101430s
    ... ~4.2% done | elapsed: 101460s
    ... ~4.2% done | elapsed: 101490s
    ... ~4.2% done | elapsed: 101520s
    ... ~4.2% done | elapsed: 101550s
    ... ~4.2% done | elapsed: 101580s
    ... ~4.2% done | elapsed: 101610s
    ... ~4.2% done | elapsed: 101640s
    ... ~4.2% done | elapsed: 101670s
    ... ~4.2% done | elapsed: 101700s
    ... ~4.2% done | elapsed: 101730s
    ... ~4.2% done | elapsed: 101760s
    ... ~4.2% done | elapsed: 101790s
    ... ~4.2% done | elapsed: 101820s
    ... ~4.2% done | elapsed: 101850s
    ... ~4.2% done | elapsed: 101880s
    ... ~4.2% done | elapsed: 101910s
    ... ~4.2% done | elapsed: 101940s
    ... ~4.2% done | elapsed: 101970s
    ... ~4.2% done | elapsed: 102000s
    ... ~4.2% done | elapsed: 102030s
    ... ~4.2% done | elapsed: 102060s
    ... ~4.2% done | elapsed: 102090s
    ... ~4.3% done | elapsed: 102120s
    ... ~4.3% done | elapsed: 102150s
    ... ~4.3% done | elapsed: 102180s
    ... ~4.3% done | elapsed: 102210s
    ... ~4.3% done | elapsed: 102240s
    ... ~4.3% done | elapsed: 102270s
    ... ~4.3% done | elapsed: 102300s
    ... ~4.3% done | elapsed: 102330s
    ... ~4.3% done | elapsed: 102360s
    ... ~4.3% done | elapsed: 102390s
    ... ~4.3% done | elapsed: 102420s
    ... ~4.3% done | elapsed: 102450s
    ... ~4.3% done | elapsed: 102480s
    ... ~4.3% done | elapsed: 102510s
    ... ~4.3% done | elapsed: 102540s
    ... ~4.3% done | elapsed: 102570s
    ... ~4.3% done | elapsed: 102600s
    ... ~4.3% done | elapsed: 102630s
    ... ~4.3% done | elapsed: 102660s
    ... ~4.3% done | elapsed: 102690s
    ... ~4.3% done | elapsed: 102720s
    ... ~4.3% done | elapsed: 102750s
    ... ~4.3% done | elapsed: 102780s
    ... ~4.3% done | elapsed: 102810s
    ... ~4.3% done | elapsed: 102840s
    ... ~4.3% done | elapsed: 102870s
    ... ~4.3% done | elapsed: 102900s
    ... ~4.3% done | elapsed: 102930s
    ... ~4.3% done | elapsed: 102960s
    ... ~4.3% done | elapsed: 102990s
    ... ~4.3% done | elapsed: 103020s
    ... ~4.3% done | elapsed: 103050s
    ... ~4.3% done | elapsed: 103080s
    ... ~4.3% done | elapsed: 103110s
    ... ~4.3% done | elapsed: 103140s
    ... ~4.3% done | elapsed: 103170s
    ... ~4.3% done | elapsed: 103200s
    ... ~4.3% done | elapsed: 103230s
    ... ~4.3% done | elapsed: 103260s
    ... ~4.3% done | elapsed: 103290s
    ... ~4.3% done | elapsed: 103320s
    ... ~4.3% done | elapsed: 103350s
    ... ~4.3% done | elapsed: 103380s
    ... ~4.3% done | elapsed: 103410s
    ... ~4.3% done | elapsed: 103440s
    ... ~4.3% done | elapsed: 103470s
    ... ~4.3% done | elapsed: 103500s
    ... ~4.3% done | elapsed: 103530s
    ... ~4.3% done | elapsed: 103560s
    ... ~4.3% done | elapsed: 103590s
    ... ~4.3% done | elapsed: 103620s
    ... ~4.3% done | elapsed: 103650s
    ... ~4.3% done | elapsed: 103680s
    ... ~4.3% done | elapsed: 103710s
    ... ~4.3% done | elapsed: 103740s
    ... ~4.3% done | elapsed: 103770s
    ... ~4.3% done | elapsed: 103800s
    ... ~4.3% done | elapsed: 103830s
    ... ~4.3% done | elapsed: 103860s
    ... ~4.3% done | elapsed: 103890s
    ... ~4.3% done | elapsed: 103920s
    ... ~4.3% done | elapsed: 103950s
    ... ~4.3% done | elapsed: 103980s
    ... ~4.3% done | elapsed: 104010s
    ... ~4.3% done | elapsed: 104040s
    ... ~4.3% done | elapsed: 104070s
    ... ~4.3% done | elapsed: 104100s
    ... ~4.3% done | elapsed: 104130s
    ... ~4.3% done | elapsed: 104160s
    ... ~4.3% done | elapsed: 104190s
    ... ~4.3% done | elapsed: 104220s
    ... ~4.3% done | elapsed: 104250s
    ... ~4.3% done | elapsed: 104280s
    ... ~4.3% done | elapsed: 104310s
    ... ~4.3% done | elapsed: 104340s
    ... ~4.3% done | elapsed: 104370s
    ... ~4.3% done | elapsed: 104400s
    ... ~4.3% done | elapsed: 104430s
    ... ~4.3% done | elapsed: 104460s
    ... ~4.3% done | elapsed: 104490s
    ... ~4.4% done | elapsed: 104520s
    ... ~4.4% done | elapsed: 104550s
    ... ~4.4% done | elapsed: 104580s
    ... ~4.4% done | elapsed: 104610s
    ... ~4.4% done | elapsed: 104640s
    ... ~4.4% done | elapsed: 104670s
    ... ~4.4% done | elapsed: 104700s
    ... ~4.4% done | elapsed: 104730s
    ... ~4.4% done | elapsed: 104760s
    ... ~4.4% done | elapsed: 104790s
    ... ~4.4% done | elapsed: 104820s
    ... ~4.4% done | elapsed: 104850s
    ... ~4.4% done | elapsed: 104880s
    ... ~4.4% done | elapsed: 104910s
    ... ~4.4% done | elapsed: 104940s
    ... ~4.4% done | elapsed: 104970s
    ... ~4.4% done | elapsed: 105000s
    ... ~4.4% done | elapsed: 105030s
    ... ~4.4% done | elapsed: 105060s
    ... ~4.4% done | elapsed: 105090s
    ... ~4.4% done | elapsed: 105120s
    ... ~4.4% done | elapsed: 105150s
    ... ~4.4% done | elapsed: 105180s
    ... ~4.4% done | elapsed: 105210s
    ... ~4.4% done | elapsed: 105240s
    ... ~4.4% done | elapsed: 105270s
    ... ~4.4% done | elapsed: 105300s
    ... ~4.4% done | elapsed: 105330s
    ... ~4.4% done | elapsed: 105360s
    ... ~4.4% done | elapsed: 105390s
    ... ~4.4% done | elapsed: 105420s
    ... ~4.4% done | elapsed: 105450s
    ... ~4.4% done | elapsed: 105480s
    ... ~4.4% done | elapsed: 105510s
    ... ~4.4% done | elapsed: 105540s
    ... ~4.4% done | elapsed: 105570s
    ... ~4.4% done | elapsed: 105600s
    ... ~4.4% done | elapsed: 105630s
    ... ~4.4% done | elapsed: 105660s
    ... ~4.4% done | elapsed: 105690s
    ... ~4.4% done | elapsed: 105720s
    ... ~4.4% done | elapsed: 105750s
    ... ~4.4% done | elapsed: 105780s
    ... ~4.4% done | elapsed: 105810s
    ... ~4.4% done | elapsed: 105840s
    ... ~4.4% done | elapsed: 105870s
    ... ~4.4% done | elapsed: 105900s
    ... ~4.4% done | elapsed: 105930s
    ... ~4.4% done | elapsed: 105960s
    ... ~4.4% done | elapsed: 105990s
    ... ~4.4% done | elapsed: 106020s
    ... ~4.4% done | elapsed: 106050s
    ... ~4.4% done | elapsed: 106080s
    ... ~4.4% done | elapsed: 106110s
    ... ~4.4% done | elapsed: 106140s
    ... ~4.4% done | elapsed: 106170s
    ... ~4.4% done | elapsed: 106200s
    ... ~4.4% done | elapsed: 106230s
    ... ~4.4% done | elapsed: 106260s
    ... ~4.4% done | elapsed: 106290s
    ... ~4.4% done | elapsed: 106320s
    ... ~4.4% done | elapsed: 106350s
    ... ~4.4% done | elapsed: 106380s
    ... ~4.4% done | elapsed: 106410s
    ... ~4.4% done | elapsed: 106440s
    ... ~4.4% done | elapsed: 106470s
    ... ~4.4% done | elapsed: 106500s
    ... ~4.4% done | elapsed: 106530s
    ... ~4.4% done | elapsed: 106560s
    ... ~4.4% done | elapsed: 106590s
    ... ~4.4% done | elapsed: 106620s
    ... ~4.4% done | elapsed: 106650s
    ... ~4.4% done | elapsed: 106680s
    ... ~4.4% done | elapsed: 106710s
    ... ~4.4% done | elapsed: 106740s
    ... ~4.4% done | elapsed: 106770s
    ... ~4.4% done | elapsed: 106800s
    ... ~4.4% done | elapsed: 106830s
    ... ~4.4% done | elapsed: 106860s
    ... ~4.4% done | elapsed: 106890s
    ... ~4.5% done | elapsed: 106920s
    ... ~4.5% done | elapsed: 106950s
    ... ~4.5% done | elapsed: 106980s
    ... ~4.5% done | elapsed: 107010s
    ... ~4.5% done | elapsed: 107040s
    ... ~4.5% done | elapsed: 107070s
    ... ~4.5% done | elapsed: 107100s
    ... ~4.5% done | elapsed: 107130s
    ... ~4.5% done | elapsed: 107160s
    ... ~4.5% done | elapsed: 107190s
    ... ~4.5% done | elapsed: 107220s
    ... ~4.5% done | elapsed: 107250s
    ... ~4.5% done | elapsed: 107280s
    ... ~4.5% done | elapsed: 107310s
    ... ~4.5% done | elapsed: 107340s
    ... ~4.5% done | elapsed: 107370s
    ... ~4.5% done | elapsed: 107400s
    ... ~4.5% done | elapsed: 107430s
    ... ~4.5% done | elapsed: 107460s
    ... ~4.5% done | elapsed: 107490s
    ... ~4.5% done | elapsed: 107520s
    ... ~4.5% done | elapsed: 107550s
    ... ~4.5% done | elapsed: 107580s
    ... ~4.5% done | elapsed: 107610s
    ... ~4.5% done | elapsed: 107640s
    ... ~4.5% done | elapsed: 107670s
    ... ~4.5% done | elapsed: 107700s
    ... ~4.5% done | elapsed: 107730s
    ... ~4.5% done | elapsed: 107760s
    ... ~4.5% done | elapsed: 107790s
    ... ~4.5% done | elapsed: 107820s
    ... ~4.5% done | elapsed: 107850s
    ... ~4.5% done | elapsed: 107880s
    ... ~4.5% done | elapsed: 107910s
    ... ~4.5% done | elapsed: 107940s
    ... ~4.5% done | elapsed: 107970s
    ... ~4.5% done | elapsed: 108000s
    ... ~4.5% done | elapsed: 108030s
    ... ~4.5% done | elapsed: 108060s
    ... ~4.5% done | elapsed: 108090s
    ... ~4.5% done | elapsed: 108120s
    ... ~4.5% done | elapsed: 108150s
    ... ~4.5% done | elapsed: 108180s
    ... ~4.5% done | elapsed: 108210s
    ... ~4.5% done | elapsed: 108240s
    ... ~4.5% done | elapsed: 108270s
    ... ~4.5% done | elapsed: 108300s
    ... ~4.5% done | elapsed: 108330s
    ... ~4.5% done | elapsed: 108360s
    ... ~4.5% done | elapsed: 108390s
    ... ~4.5% done | elapsed: 108420s
    ... ~4.5% done | elapsed: 108450s
    ... ~4.5% done | elapsed: 108480s
    ... ~4.5% done | elapsed: 108510s
    ... ~4.5% done | elapsed: 108540s
    ... ~4.5% done | elapsed: 108570s
    ... ~4.5% done | elapsed: 108600s
    ... ~4.5% done | elapsed: 108630s
    ... ~4.5% done | elapsed: 108660s
    ... ~4.5% done | elapsed: 108690s
    ... ~4.5% done | elapsed: 108720s
    ... ~4.5% done | elapsed: 108750s
    ... ~4.5% done | elapsed: 108780s
    ... ~4.5% done | elapsed: 108810s
    ... ~4.5% done | elapsed: 108840s
    ... ~4.5% done | elapsed: 108870s
    ... ~4.5% done | elapsed: 108900s
    ... ~4.5% done | elapsed: 108930s
    ... ~4.5% done | elapsed: 108960s
    ... ~4.5% done | elapsed: 108990s
    ... ~4.5% done | elapsed: 109020s
    ... ~4.5% done | elapsed: 109050s
    ... ~4.5% done | elapsed: 109080s
    ... ~4.5% done | elapsed: 109110s
    ... ~4.5% done | elapsed: 109140s
    ... ~4.5% done | elapsed: 109170s
    ... ~4.5% done | elapsed: 109200s
    ... ~4.5% done | elapsed: 109230s
    ... ~4.5% done | elapsed: 109260s
    ... ~4.5% done | elapsed: 109290s
    ... ~4.6% done | elapsed: 109320s
    ... ~4.6% done | elapsed: 109350s
    ... ~4.6% done | elapsed: 109380s
    ... ~4.6% done | elapsed: 109410s
    ... ~4.6% done | elapsed: 109440s
    ... ~4.6% done | elapsed: 109470s
    ... ~4.6% done | elapsed: 109500s
    ... ~4.6% done | elapsed: 109530s
    ... ~4.6% done | elapsed: 109560s
    ... ~4.6% done | elapsed: 109590s
    ... ~4.6% done | elapsed: 109620s
    ... ~4.6% done | elapsed: 109650s
    ... ~4.6% done | elapsed: 109680s
    ... ~4.6% done | elapsed: 109710s
    ... ~4.6% done | elapsed: 109740s
    ... ~4.6% done | elapsed: 109770s
    ... ~4.6% done | elapsed: 109800s
    ... ~4.6% done | elapsed: 109830s
    ... ~4.6% done | elapsed: 109860s
    ... ~4.6% done | elapsed: 109890s
    ... ~4.6% done | elapsed: 109920s
    ... ~4.6% done | elapsed: 109950s
    ... ~4.6% done | elapsed: 109980s
    ... ~4.6% done | elapsed: 110010s
    ... ~4.6% done | elapsed: 110040s
    ... ~4.6% done | elapsed: 110070s
    ... ~4.6% done | elapsed: 110100s
    ... ~4.6% done | elapsed: 110130s
    ... ~4.6% done | elapsed: 110160s
    ... ~4.6% done | elapsed: 110190s
    ... ~4.6% done | elapsed: 110220s
    ... ~4.6% done | elapsed: 110250s
    ... ~4.6% done | elapsed: 110280s
    ... ~4.6% done | elapsed: 110310s
    ... ~4.6% done | elapsed: 110340s
    ... ~4.6% done | elapsed: 110370s
    ... ~4.6% done | elapsed: 110400s
    ... ~4.6% done | elapsed: 110430s
    ... ~4.6% done | elapsed: 110460s
    ... ~4.6% done | elapsed: 110490s
    ... ~4.6% done | elapsed: 110520s
    ... ~4.6% done | elapsed: 110550s
    ... ~4.6% done | elapsed: 110580s
    ... ~4.6% done | elapsed: 110610s
    ... ~4.6% done | elapsed: 110640s
    ... ~4.6% done | elapsed: 110670s
    ... ~4.6% done | elapsed: 110700s
    ... ~4.6% done | elapsed: 110730s
    ... ~4.6% done | elapsed: 110760s
    ... ~4.6% done | elapsed: 110790s
    ... ~4.6% done | elapsed: 110820s
    ... ~4.6% done | elapsed: 110850s
    ... ~4.6% done | elapsed: 110880s
    ... ~4.6% done | elapsed: 110910s
    ... ~4.6% done | elapsed: 110940s
    ... ~4.6% done | elapsed: 110970s
    ... ~4.6% done | elapsed: 111000s
    ... ~4.6% done | elapsed: 111030s
    ... ~4.6% done | elapsed: 111060s
    ... ~4.6% done | elapsed: 111090s
    ... ~4.6% done | elapsed: 111120s
    ... ~4.6% done | elapsed: 111150s
    ... ~4.6% done | elapsed: 111180s
    ... ~4.6% done | elapsed: 111210s
    ... ~4.6% done | elapsed: 111240s
    ... ~4.6% done | elapsed: 111270s
    ... ~4.6% done | elapsed: 111300s
    ... ~4.6% done | elapsed: 111330s
    ... ~4.6% done | elapsed: 111360s
    ... ~4.6% done | elapsed: 111390s
    ... ~4.6% done | elapsed: 111420s
    ... ~4.6% done | elapsed: 111450s
    ... ~4.6% done | elapsed: 111480s
    ... ~4.6% done | elapsed: 111510s
    ... ~4.6% done | elapsed: 111540s
    ... ~4.6% done | elapsed: 111570s
    ... ~4.6% done | elapsed: 111600s
    ... ~4.6% done | elapsed: 111630s
    ... ~4.6% done | elapsed: 111660s
    ... ~4.6% done | elapsed: 111690s
    ... ~4.7% done | elapsed: 111720s
    ... ~4.7% done | elapsed: 111750s
    ... ~4.7% done | elapsed: 111780s
    ... ~4.7% done | elapsed: 111810s
    ... ~4.7% done | elapsed: 111840s
    ... ~4.7% done | elapsed: 111870s
    ... ~4.7% done | elapsed: 111900s
    ... ~4.7% done | elapsed: 111930s
    ... ~4.7% done | elapsed: 111960s
    ... ~4.7% done | elapsed: 111990s
    ... ~4.7% done | elapsed: 112020s
    ... ~4.7% done | elapsed: 112050s
    ... ~4.7% done | elapsed: 112080s
    ... ~4.7% done | elapsed: 112110s
    ... ~4.7% done | elapsed: 112140s
    ... ~4.7% done | elapsed: 112170s
    ... ~4.7% done | elapsed: 112200s
    ... ~4.7% done | elapsed: 112230s
    ... ~4.7% done | elapsed: 112260s
    ... ~4.7% done | elapsed: 112290s
    ... ~4.7% done | elapsed: 112320s
    ... ~4.7% done | elapsed: 112350s
    ... ~4.7% done | elapsed: 112380s
    ... ~4.7% done | elapsed: 112410s
    ... ~4.7% done | elapsed: 112440s
    ... ~4.7% done | elapsed: 112470s
    ... ~4.7% done | elapsed: 112500s
    ... ~4.7% done | elapsed: 112530s
    ... ~4.7% done | elapsed: 112560s
    ... ~4.7% done | elapsed: 112590s
    ... ~4.7% done | elapsed: 112620s
    ... ~4.7% done | elapsed: 112650s
    ... ~4.7% done | elapsed: 112680s
    ... ~4.7% done | elapsed: 112710s
    ... ~4.7% done | elapsed: 112740s
    ... ~4.7% done | elapsed: 112770s
    ... ~4.7% done | elapsed: 112800s
    ... ~4.7% done | elapsed: 112830s
    ... ~4.7% done | elapsed: 112860s
    ... ~4.7% done | elapsed: 112890s
    ... ~4.7% done | elapsed: 112920s
    ... ~4.7% done | elapsed: 112950s
    ... ~4.7% done | elapsed: 112980s
    ... ~4.7% done | elapsed: 113010s
    ... ~4.7% done | elapsed: 113040s
    ... ~4.7% done | elapsed: 113070s
    ... ~4.7% done | elapsed: 113100s
    ... ~4.7% done | elapsed: 113130s
    ... ~4.7% done | elapsed: 113160s
    ... ~4.7% done | elapsed: 113190s
    ... ~4.7% done | elapsed: 113220s
    ... ~4.7% done | elapsed: 113250s
    ... ~4.7% done | elapsed: 113280s
    ... ~4.7% done | elapsed: 113310s
    ... ~4.7% done | elapsed: 113340s
    ... ~4.7% done | elapsed: 113370s
    ... ~4.7% done | elapsed: 113400s
    ... ~4.7% done | elapsed: 113430s
    ... ~4.7% done | elapsed: 113460s
    ... ~4.7% done | elapsed: 113490s
    ... ~4.7% done | elapsed: 113520s
    ... ~4.7% done | elapsed: 113550s
    ... ~4.7% done | elapsed: 113580s
    ... ~4.7% done | elapsed: 113610s
    ... ~4.7% done | elapsed: 113640s
    ... ~4.7% done | elapsed: 113670s
    ... ~4.7% done | elapsed: 113700s
    ... ~4.7% done | elapsed: 113730s
    ... ~4.7% done | elapsed: 113760s
    ... ~4.7% done | elapsed: 113790s
    ... ~4.7% done | elapsed: 113820s
    ... ~4.7% done | elapsed: 113850s
    ... ~4.7% done | elapsed: 113880s
    ... ~4.7% done | elapsed: 113910s
    ... ~4.7% done | elapsed: 113940s
    ... ~4.7% done | elapsed: 113970s
    ... ~4.7% done | elapsed: 114000s
    ... ~4.7% done | elapsed: 114030s
    ... ~4.7% done | elapsed: 114060s
    ... ~4.7% done | elapsed: 114090s
    ... ~4.8% done | elapsed: 114120s
    ... ~4.8% done | elapsed: 114150s
    ... ~4.8% done | elapsed: 114180s
    ... ~4.8% done | elapsed: 114210s
    ... ~4.8% done | elapsed: 114240s
    ... ~4.8% done | elapsed: 114270s
    ... ~4.8% done | elapsed: 114300s
    ... ~4.8% done | elapsed: 114330s
    ... ~4.8% done | elapsed: 114360s
    ... ~4.8% done | elapsed: 114390s
    ... ~4.8% done | elapsed: 114420s
    ... ~4.8% done | elapsed: 114450s
    ... ~4.8% done | elapsed: 114480s
    ... ~4.8% done | elapsed: 114510s
    ... ~4.8% done | elapsed: 114540s
    ... ~4.8% done | elapsed: 114570s
    ... ~4.8% done | elapsed: 114600s
    ... ~4.8% done | elapsed: 114630s
    ... ~4.8% done | elapsed: 114660s
    ... ~4.8% done | elapsed: 114690s
    ... ~4.8% done | elapsed: 114720s
    ... ~4.8% done | elapsed: 114750s
    ... ~4.8% done | elapsed: 114780s
    ... ~4.8% done | elapsed: 114810s
    ... ~4.8% done | elapsed: 114840s
    ... ~4.8% done | elapsed: 114870s
    ... ~4.8% done | elapsed: 114900s
    ... ~4.8% done | elapsed: 114930s
    ... ~4.8% done | elapsed: 114960s
    ... ~4.8% done | elapsed: 114990s
    ... ~4.8% done | elapsed: 115020s
    ... ~4.8% done | elapsed: 115050s
    ... ~4.8% done | elapsed: 115080s
    ... ~4.8% done | elapsed: 115110s
    ... ~4.8% done | elapsed: 115140s
    ... ~4.8% done | elapsed: 115170s
    ... ~4.8% done | elapsed: 115200s
    ... ~4.8% done | elapsed: 115230s
    ... ~4.8% done | elapsed: 115260s
    ... ~4.8% done | elapsed: 115290s
    ... ~4.8% done | elapsed: 115320s
    ... ~4.8% done | elapsed: 115350s
    ... ~4.8% done | elapsed: 115380s
    ... ~4.8% done | elapsed: 115410s
    ... ~4.8% done | elapsed: 115440s
    ... ~4.8% done | elapsed: 115470s
    ... ~4.8% done | elapsed: 115500s
    ... ~4.8% done | elapsed: 115530s
    ... ~4.8% done | elapsed: 115560s
    ... ~4.8% done | elapsed: 115590s
    ... ~4.8% done | elapsed: 115620s
    ... ~4.8% done | elapsed: 115650s
    ... ~4.8% done | elapsed: 115680s
    ... ~4.8% done | elapsed: 115710s
    ... ~4.8% done | elapsed: 115740s
    ... ~4.8% done | elapsed: 115770s
    ... ~4.8% done | elapsed: 115800s
    ... ~4.8% done | elapsed: 115830s
    ... ~4.8% done | elapsed: 115860s
    ... ~4.8% done | elapsed: 115890s
    ... ~4.8% done | elapsed: 115920s
    ... ~4.8% done | elapsed: 115950s
    ... ~4.8% done | elapsed: 115980s
    ... ~4.8% done | elapsed: 116010s
    ... ~4.8% done | elapsed: 116040s
    ... ~4.8% done | elapsed: 116070s
    ... ~4.8% done | elapsed: 116100s
    ... ~4.8% done | elapsed: 116130s
    ... ~4.8% done | elapsed: 116160s
    ... ~4.8% done | elapsed: 116190s
    ... ~4.8% done | elapsed: 116220s
    ... ~4.8% done | elapsed: 116250s
    ... ~4.8% done | elapsed: 116280s
    ... ~4.8% done | elapsed: 116310s
    ... ~4.8% done | elapsed: 116340s
    ... ~4.8% done | elapsed: 116370s
    ... ~4.8% done | elapsed: 116400s
    ... ~4.8% done | elapsed: 116430s
    ... ~4.8% done | elapsed: 116460s
    ... ~4.8% done | elapsed: 116490s
    ... ~4.9% done | elapsed: 116520s
    ... ~4.9% done | elapsed: 116550s
    ... ~4.9% done | elapsed: 116580s
    ... ~4.9% done | elapsed: 116610s
    ... ~4.9% done | elapsed: 116640s
    ... ~4.9% done | elapsed: 116670s
    ... ~4.9% done | elapsed: 116700s
    ... ~4.9% done | elapsed: 116730s
    ... ~4.9% done | elapsed: 116760s
    ... ~4.9% done | elapsed: 116790s
    ... ~4.9% done | elapsed: 116820s
    ... ~4.9% done | elapsed: 116850s
    ... ~4.9% done | elapsed: 116880s
    ... ~4.9% done | elapsed: 116910s
    ... ~4.9% done | elapsed: 116940s
    ... ~4.9% done | elapsed: 116970s
    ... ~4.9% done | elapsed: 117000s
    ... ~4.9% done | elapsed: 117030s
    ... ~4.9% done | elapsed: 117060s
    ... ~4.9% done | elapsed: 117090s
    ... ~4.9% done | elapsed: 117120s
    ... ~4.9% done | elapsed: 117150s
    ... ~4.9% done | elapsed: 117180s
    ... ~4.9% done | elapsed: 117210s
    ... ~4.9% done | elapsed: 117240s
    ... ~4.9% done | elapsed: 117270s
    ... ~4.9% done | elapsed: 117300s
    ... ~4.9% done | elapsed: 117330s
    ... ~4.9% done | elapsed: 117360s
    ... ~4.9% done | elapsed: 117390s
    ... ~4.9% done | elapsed: 117420s
    ... ~4.9% done | elapsed: 117450s
    ... ~4.9% done | elapsed: 117480s
    ... ~4.9% done | elapsed: 117510s
    ... ~4.9% done | elapsed: 117540s
    ... ~4.9% done | elapsed: 117570s
    ... ~4.9% done | elapsed: 117600s
    ... ~4.9% done | elapsed: 117630s
    ... ~4.9% done | elapsed: 117660s
    ... ~4.9% done | elapsed: 117690s
    ... ~4.9% done | elapsed: 117720s
    ... ~4.9% done | elapsed: 117750s
    ... ~4.9% done | elapsed: 117780s
    ... ~4.9% done | elapsed: 117810s
    ... ~4.9% done | elapsed: 117840s
    ... ~4.9% done | elapsed: 117870s
    ... ~4.9% done | elapsed: 117900s
    ... ~4.9% done | elapsed: 117930s
    ... ~4.9% done | elapsed: 117960s
    ... ~4.9% done | elapsed: 117990s
    ... ~4.9% done | elapsed: 118020s
    ... ~4.9% done | elapsed: 118050s
    ... ~4.9% done | elapsed: 118080s
    ... ~4.9% done | elapsed: 118110s
    ... ~4.9% done | elapsed: 118140s
    ... ~4.9% done | elapsed: 118170s
    ... ~4.9% done | elapsed: 118200s
    ... ~4.9% done | elapsed: 118230s
    ... ~4.9% done | elapsed: 118260s
    ... ~4.9% done | elapsed: 118290s
    ... ~4.9% done | elapsed: 118320s
    ... ~4.9% done | elapsed: 118350s
    ... ~4.9% done | elapsed: 118380s
    ... ~4.9% done | elapsed: 118410s
    ... ~4.9% done | elapsed: 118440s
    ... ~4.9% done | elapsed: 118470s
    ... ~4.9% done | elapsed: 118500s
    ... ~4.9% done | elapsed: 118530s
    ... ~4.9% done | elapsed: 118560s
    ... ~4.9% done | elapsed: 118590s
    ... ~4.9% done | elapsed: 118620s
    ... ~4.9% done | elapsed: 118650s
    ... ~4.9% done | elapsed: 118680s
    ... ~4.9% done | elapsed: 118710s
    ... ~4.9% done | elapsed: 118740s
    ... ~4.9% done | elapsed: 118770s
    ... ~4.9% done | elapsed: 118800s
    ... ~4.9% done | elapsed: 118830s
    ... ~4.9% done | elapsed: 118860s
    ... ~4.9% done | elapsed: 118890s
    ... ~5.0% done | elapsed: 118920s
    ... ~5.0% done | elapsed: 118950s
    ... ~5.0% done | elapsed: 118980s
    ... ~5.0% done | elapsed: 119010s
    ... ~5.0% done | elapsed: 119040s
    ... ~5.0% done | elapsed: 119070s
    ... ~5.0% done | elapsed: 119100s
    ... ~5.0% done | elapsed: 119130s
    ... ~5.0% done | elapsed: 119160s
    ... ~5.0% done | elapsed: 119190s
    ... ~5.0% done | elapsed: 119220s
    ... ~5.0% done | elapsed: 119250s
    ... ~5.0% done | elapsed: 119280s
    ... ~5.0% done | elapsed: 119310s
    ... ~5.0% done | elapsed: 119340s
    ... ~5.0% done | elapsed: 119370s
    ... ~5.0% done | elapsed: 119400s
    ... ~5.0% done | elapsed: 119430s
    ... ~5.0% done | elapsed: 119460s
    ... ~5.0% done | elapsed: 119490s
    ... ~5.0% done | elapsed: 119520s
    ... ~5.0% done | elapsed: 119550s
    ... ~5.0% done | elapsed: 119580s
    ... ~5.0% done | elapsed: 119610s
    ... ~5.0% done | elapsed: 119640s
    ... ~5.0% done | elapsed: 119670s
    ... ~5.0% done | elapsed: 119700s
    ... ~5.0% done | elapsed: 119730s
    ... ~5.0% done | elapsed: 119760s
    ... ~5.0% done | elapsed: 119790s
    ... ~5.0% done | elapsed: 119820s
    ... ~5.0% done | elapsed: 119850s
    ... ~5.0% done | elapsed: 119880s
    ... ~5.0% done | elapsed: 119910s
    ... ~5.0% done | elapsed: 119940s
    ... ~5.0% done | elapsed: 119970s
    ... ~5.0% done | elapsed: 120000s
    ... ~5.0% done | elapsed: 120030s
    ... ~5.0% done | elapsed: 120060s
    ... ~5.0% done | elapsed: 120090s
    ... ~5.0% done | elapsed: 120120s
    ... ~5.0% done | elapsed: 120150s
    ... ~5.0% done | elapsed: 120180s
    ... ~5.0% done | elapsed: 120210s
    ... ~5.0% done | elapsed: 120240s
    ... ~5.0% done | elapsed: 120270s
    ... ~5.0% done | elapsed: 120300s
    ... ~5.0% done | elapsed: 120330s
    ... ~5.0% done | elapsed: 120360s
    ... ~5.0% done | elapsed: 120390s
    ... ~5.0% done | elapsed: 120420s
    ... ~5.0% done | elapsed: 120450s
    ... ~5.0% done | elapsed: 120480s
    ... ~5.0% done | elapsed: 120510s
    ... ~5.0% done | elapsed: 120540s
    ... ~5.0% done | elapsed: 120570s
    ... ~5.0% done | elapsed: 120600s
    ... ~5.0% done | elapsed: 120630s
    ... ~5.0% done | elapsed: 120660s
    ... ~5.0% done | elapsed: 120690s
    ... ~5.0% done | elapsed: 120720s
    ... ~5.0% done | elapsed: 120750s
    ... ~5.0% done | elapsed: 120780s
    ... ~5.0% done | elapsed: 120810s
    ... ~5.0% done | elapsed: 120840s
    ... ~5.0% done | elapsed: 120870s
    ... ~5.0% done | elapsed: 120900s
    ... ~5.0% done | elapsed: 120930s
    ... ~5.0% done | elapsed: 120960s
    ... ~5.0% done | elapsed: 120990s
    ... ~5.0% done | elapsed: 121020s
    ... ~5.0% done | elapsed: 121050s
    ... ~5.0% done | elapsed: 121080s
    ... ~5.0% done | elapsed: 121110s
    ... ~5.0% done | elapsed: 121140s
    ... ~5.0% done | elapsed: 121170s
    ... ~5.0% done | elapsed: 121200s
    ... ~5.0% done | elapsed: 121230s
    ... ~5.0% done | elapsed: 121260s
    ... ~5.0% done | elapsed: 121290s
    ... ~5.1% done | elapsed: 121320s
    ... ~5.1% done | elapsed: 121350s
    ... ~5.1% done | elapsed: 121380s
    ... ~5.1% done | elapsed: 121410s
    ... ~5.1% done | elapsed: 121440s
    ... ~5.1% done | elapsed: 121470s
    ... ~5.1% done | elapsed: 121500s
    ... ~5.1% done | elapsed: 121530s
    ... ~5.1% done | elapsed: 121560s
    ... ~5.1% done | elapsed: 121590s
    ... ~5.1% done | elapsed: 121620s
    ... ~5.1% done | elapsed: 121650s
    ... ~5.1% done | elapsed: 121680s
    ... ~5.1% done | elapsed: 121710s
    ... ~5.1% done | elapsed: 121740s
    ... ~5.1% done | elapsed: 121770s
    ... ~5.1% done | elapsed: 121800s
    ... ~5.1% done | elapsed: 121830s
    ... ~5.1% done | elapsed: 121860s
    ... ~5.1% done | elapsed: 121890s
    ... ~5.1% done | elapsed: 121920s
    ... ~5.1% done | elapsed: 121950s
    ... ~5.1% done | elapsed: 121980s
    ... ~5.1% done | elapsed: 122010s
    ... ~5.1% done | elapsed: 122040s
    ... ~5.1% done | elapsed: 122070s
    ... ~5.1% done | elapsed: 122100s
    ... ~5.1% done | elapsed: 122130s
    ... ~5.1% done | elapsed: 122160s
    ... ~5.1% done | elapsed: 122190s
    ... ~5.1% done | elapsed: 122220s
    ... ~5.1% done | elapsed: 122250s
    ... ~5.1% done | elapsed: 122280s
    ... ~5.1% done | elapsed: 122310s
    ... ~5.1% done | elapsed: 122340s
    ... ~5.1% done | elapsed: 122370s
    ... ~5.1% done | elapsed: 122400s
    ... ~5.1% done | elapsed: 122430s
    ... ~5.1% done | elapsed: 122460s
    ... ~5.1% done | elapsed: 122490s
    ... ~5.1% done | elapsed: 122520s
    ... ~5.1% done | elapsed: 122550s
    ... ~5.1% done | elapsed: 122580s
    ... ~5.1% done | elapsed: 122610s
    ... ~5.1% done | elapsed: 122640s
    ... ~5.1% done | elapsed: 122670s
    ... ~5.1% done | elapsed: 122700s
    ... ~5.1% done | elapsed: 122730s
    ... ~5.1% done | elapsed: 122760s
    ... ~5.1% done | elapsed: 122790s
    ... ~5.1% done | elapsed: 122820s
    ... ~5.1% done | elapsed: 122850s
    ... ~5.1% done | elapsed: 122880s
    ... ~5.1% done | elapsed: 122910s
    ... ~5.1% done | elapsed: 122940s
    ... ~5.1% done | elapsed: 122970s
    ... ~5.1% done | elapsed: 123000s
    ... ~5.1% done | elapsed: 123030s
    ... ~5.1% done | elapsed: 123060s
    ... ~5.1% done | elapsed: 123090s
    ... ~5.1% done | elapsed: 123120s
    ... ~5.1% done | elapsed: 123150s
    ... ~5.1% done | elapsed: 123180s
    ... ~5.1% done | elapsed: 123210s
    ... ~5.1% done | elapsed: 123240s
    ... ~5.1% done | elapsed: 123270s
    ... ~5.1% done | elapsed: 123300s
    ... ~5.1% done | elapsed: 123330s
    ... ~5.1% done | elapsed: 123360s
    ... ~5.1% done | elapsed: 123390s
    ... ~5.1% done | elapsed: 123420s
    ... ~5.1% done | elapsed: 123450s
    ... ~5.1% done | elapsed: 123480s
    ... ~5.1% done | elapsed: 123510s
    ... ~5.1% done | elapsed: 123540s
    ... ~5.1% done | elapsed: 123570s
    ... ~5.1% done | elapsed: 123600s
    ... ~5.1% done | elapsed: 123630s
    ... ~5.1% done | elapsed: 123660s
    ... ~5.1% done | elapsed: 123690s
    ... ~5.1% done | elapsed: 123720s
    ... ~5.2% done | elapsed: 123750s
    ... ~5.2% done | elapsed: 123780s
    ... ~5.2% done | elapsed: 123810s
    ... ~5.2% done | elapsed: 123840s
    ... ~5.2% done | elapsed: 123870s
    ... ~5.2% done | elapsed: 123900s
    ... ~5.2% done | elapsed: 123930s
    ... ~5.2% done | elapsed: 123960s
    ... ~5.2% done | elapsed: 123990s
    ... ~5.2% done | elapsed: 124020s
    ... ~5.2% done | elapsed: 124050s
    ... ~5.2% done | elapsed: 124080s
    ... ~5.2% done | elapsed: 124110s
    ... ~5.2% done | elapsed: 124140s
    ... ~5.2% done | elapsed: 124170s
    ... ~5.2% done | elapsed: 124200s
    ... ~5.2% done | elapsed: 124230s
    ... ~5.2% done | elapsed: 124260s
    ... ~5.2% done | elapsed: 124290s
    ... ~5.2% done | elapsed: 124320s
    ... ~5.2% done | elapsed: 124350s
    ... ~5.2% done | elapsed: 124380s
    ... ~5.2% done | elapsed: 124410s
    ... ~5.2% done | elapsed: 124440s
    ... ~5.2% done | elapsed: 124470s
    ... ~5.2% done | elapsed: 124500s
    ... ~5.2% done | elapsed: 124530s
    ... ~5.2% done | elapsed: 124560s
    ... ~5.2% done | elapsed: 124590s
    ... ~5.2% done | elapsed: 124620s
    ... ~5.2% done | elapsed: 124650s
    ... ~5.2% done | elapsed: 124680s
    ... ~5.2% done | elapsed: 124710s
    ... ~5.2% done | elapsed: 124740s
    ... ~5.2% done | elapsed: 124770s
    ... ~5.2% done | elapsed: 124800s
    ... ~5.2% done | elapsed: 124830s
    ... ~5.2% done | elapsed: 124860s
    ... ~5.2% done | elapsed: 124890s
    ... ~5.2% done | elapsed: 124920s
    ... ~5.2% done | elapsed: 124950s
    ... ~5.2% done | elapsed: 124980s
    ... ~5.2% done | elapsed: 125010s
    ... ~5.2% done | elapsed: 125040s
    ... ~5.2% done | elapsed: 125070s
    ... ~5.2% done | elapsed: 125100s
    ... ~5.2% done | elapsed: 125130s
    ... ~5.2% done | elapsed: 125160s
    ... ~5.2% done | elapsed: 125190s
    ... ~5.2% done | elapsed: 125220s
    ... ~5.2% done | elapsed: 125250s
    ... ~5.2% done | elapsed: 125280s
    ... ~5.2% done | elapsed: 125310s
    ... ~5.2% done | elapsed: 125340s
    ... ~5.2% done | elapsed: 125370s
    ... ~5.2% done | elapsed: 125400s
    ... ~5.2% done | elapsed: 125430s
    ... ~5.2% done | elapsed: 125460s
    ... ~5.2% done | elapsed: 125490s
    ... ~5.2% done | elapsed: 125520s
    ... ~5.2% done | elapsed: 125550s
    ... ~5.2% done | elapsed: 125580s
    ... ~5.2% done | elapsed: 125610s
    ... ~5.2% done | elapsed: 125640s
    ... ~5.2% done | elapsed: 125670s
    ... ~5.2% done | elapsed: 125700s
    ... ~5.2% done | elapsed: 125730s
    ... ~5.2% done | elapsed: 125760s
    ... ~5.2% done | elapsed: 125790s
    ... ~5.2% done | elapsed: 125820s
    ... ~5.2% done | elapsed: 125850s
    ... ~5.2% done | elapsed: 125880s
    ... ~5.2% done | elapsed: 125910s
    ... ~5.2% done | elapsed: 125940s
    ... ~5.2% done | elapsed: 125970s
    ... ~5.2% done | elapsed: 126000s
    ... ~5.2% done | elapsed: 126030s
    ... ~5.2% done | elapsed: 126060s
    ... ~5.2% done | elapsed: 126090s
    ... ~5.2% done | elapsed: 126120s
    ... ~5.3% done | elapsed: 126150s
    ... ~5.3% done | elapsed: 126180s
    ... ~5.3% done | elapsed: 126210s
    ... ~5.3% done | elapsed: 126240s
    ... ~5.3% done | elapsed: 126270s
    ... ~5.3% done | elapsed: 126300s
    ... ~5.3% done | elapsed: 126330s
    ... ~5.3% done | elapsed: 126360s
    ... ~5.3% done | elapsed: 126390s
    ... ~5.3% done | elapsed: 126420s
    ... ~5.3% done | elapsed: 126450s
    ... ~5.3% done | elapsed: 126480s
    ... ~5.3% done | elapsed: 126510s
    ... ~5.3% done | elapsed: 126540s
    ... ~5.3% done | elapsed: 126570s
    ... ~5.3% done | elapsed: 126600s
    ... ~5.3% done | elapsed: 126630s
    ... ~5.3% done | elapsed: 126660s
    ... ~5.3% done | elapsed: 126690s
    ... ~5.3% done | elapsed: 126720s
    ... ~5.3% done | elapsed: 126750s
    ... ~5.3% done | elapsed: 126780s
    ... ~5.3% done | elapsed: 126810s
    ... ~5.3% done | elapsed: 126840s
    ... ~5.3% done | elapsed: 126870s
    ... ~5.3% done | elapsed: 126900s
    ... ~5.3% done | elapsed: 126930s
    ... ~5.3% done | elapsed: 126960s
    ... ~5.3% done | elapsed: 126990s
    ... ~5.3% done | elapsed: 127020s
    ... ~5.3% done | elapsed: 127050s
    ... ~5.3% done | elapsed: 127080s
    ... ~5.3% done | elapsed: 127110s
    ... ~5.3% done | elapsed: 127140s
    ... ~5.3% done | elapsed: 127170s
    ... ~5.3% done | elapsed: 127200s
    ... ~5.3% done | elapsed: 127230s
    ... ~5.3% done | elapsed: 127260s
    ... ~5.3% done | elapsed: 127290s
    ... ~5.3% done | elapsed: 127320s
    ... ~5.3% done | elapsed: 127350s
    ... ~5.3% done | elapsed: 127380s
    ... ~5.3% done | elapsed: 127410s
    ... ~5.3% done | elapsed: 127440s
    ... ~5.3% done | elapsed: 127470s
    ... ~5.3% done | elapsed: 127500s
    ... ~5.3% done | elapsed: 127530s
    ... ~5.3% done | elapsed: 127560s
    ... ~5.3% done | elapsed: 127590s
    ... ~5.3% done | elapsed: 127620s
    ... ~5.3% done | elapsed: 127650s
    ... ~5.3% done | elapsed: 127680s
    ... ~5.3% done | elapsed: 127710s
    ... ~5.3% done | elapsed: 127740s
    ... ~5.3% done | elapsed: 127770s
    ... ~5.3% done | elapsed: 127800s
    ... ~5.3% done | elapsed: 127830s
    ... ~5.3% done | elapsed: 127860s
    ... ~5.3% done | elapsed: 127890s
    ... ~5.3% done | elapsed: 127920s
    ... ~5.3% done | elapsed: 127950s
    ... ~5.3% done | elapsed: 127980s
    ... ~5.3% done | elapsed: 128010s
    ... ~5.3% done | elapsed: 128040s
    ... ~5.3% done | elapsed: 128070s
    ... ~5.3% done | elapsed: 128100s
    ... ~5.3% done | elapsed: 128130s
    ... ~5.3% done | elapsed: 128160s
    ... ~5.3% done | elapsed: 128190s
    ... ~5.3% done | elapsed: 128220s
    ... ~5.3% done | elapsed: 128250s
    ... ~5.3% done | elapsed: 128280s
    ... ~5.3% done | elapsed: 128310s
    ... ~5.3% done | elapsed: 128340s
    ... ~5.3% done | elapsed: 128370s
    ... ~5.3% done | elapsed: 128400s
    ... ~5.3% done | elapsed: 128430s
    ... ~5.3% done | elapsed: 128460s
    ... ~5.3% done | elapsed: 128490s
    ... ~5.3% done | elapsed: 128520s
    ... ~5.4% done | elapsed: 128550s
    ... ~5.4% done | elapsed: 128580s
    ... ~5.4% done | elapsed: 128610s
    ... ~5.4% done | elapsed: 128640s
    ... ~5.4% done | elapsed: 128670s
    ... ~5.4% done | elapsed: 128700s
    ... ~5.4% done | elapsed: 128730s
    ... ~5.4% done | elapsed: 128760s
    ... ~5.4% done | elapsed: 128790s
    ... ~5.4% done | elapsed: 128820s
    ... ~5.4% done | elapsed: 128850s
    ... ~5.4% done | elapsed: 128880s
    ... ~5.4% done | elapsed: 128910s
    ... ~5.4% done | elapsed: 128940s
    ... ~5.4% done | elapsed: 128970s
    ... ~5.4% done | elapsed: 129000s
    ... ~5.4% done | elapsed: 129030s
    ... ~5.4% done | elapsed: 129060s
    ... ~5.4% done | elapsed: 129090s
    ... ~5.4% done | elapsed: 129120s
    ... ~5.4% done | elapsed: 129150s
    ... ~5.4% done | elapsed: 129180s
    ... ~5.4% done | elapsed: 129210s
    ... ~5.4% done | elapsed: 129240s
    ... ~5.4% done | elapsed: 129270s
    ... ~5.4% done | elapsed: 129300s
    ... ~5.4% done | elapsed: 129330s
    ... ~5.4% done | elapsed: 129360s
    ... ~5.4% done | elapsed: 129390s
    ... ~5.4% done | elapsed: 129420s
    ... ~5.4% done | elapsed: 129450s
    ... ~5.4% done | elapsed: 129480s
    ... ~5.4% done | elapsed: 129510s
    ... ~5.4% done | elapsed: 129540s
    ... ~5.4% done | elapsed: 129570s
    ... ~5.4% done | elapsed: 129600s
    ... ~5.4% done | elapsed: 129630s
    ... ~5.4% done | elapsed: 129660s
    ... ~5.4% done | elapsed: 129690s
    ... ~5.4% done | elapsed: 129720s
    ... ~5.4% done | elapsed: 129750s
    ... ~5.4% done | elapsed: 129780s
    ... ~5.4% done | elapsed: 129810s
    ... ~5.4% done | elapsed: 129840s
    ... ~5.4% done | elapsed: 129870s
    ... ~5.4% done | elapsed: 129900s
    ... ~5.4% done | elapsed: 129930s
    ... ~5.4% done | elapsed: 129960s
    ... ~5.4% done | elapsed: 129990s
    ... ~5.4% done | elapsed: 130020s
    ... ~5.4% done | elapsed: 130050s
    ... ~5.4% done | elapsed: 130080s
    ... ~5.4% done | elapsed: 130110s
    ... ~5.4% done | elapsed: 130140s
    ... ~5.4% done | elapsed: 130170s
    ... ~5.4% done | elapsed: 130200s
    ... ~5.4% done | elapsed: 130230s
    ... ~5.4% done | elapsed: 130260s
    ... ~5.4% done | elapsed: 130290s
    ... ~5.4% done | elapsed: 130320s
    ... ~5.4% done | elapsed: 130350s
    ... ~5.4% done | elapsed: 130380s
    ... ~5.4% done | elapsed: 130410s
    ... ~5.4% done | elapsed: 130440s
    ... ~5.4% done | elapsed: 130470s
    ... ~5.4% done | elapsed: 130500s
    ... ~5.4% done | elapsed: 130530s
    ... ~5.4% done | elapsed: 130560s
    ... ~5.4% done | elapsed: 130590s
    ... ~5.4% done | elapsed: 130620s
    ... ~5.4% done | elapsed: 130650s
    ... ~5.4% done | elapsed: 130680s
    ... ~5.4% done | elapsed: 130710s
    ... ~5.4% done | elapsed: 130740s
    ... ~5.4% done | elapsed: 130770s
    ... ~5.4% done | elapsed: 130800s
    ... ~5.4% done | elapsed: 130830s
    ... ~5.4% done | elapsed: 130860s
    ... ~5.4% done | elapsed: 130890s
    ... ~5.4% done | elapsed: 130920s
    ... ~5.5% done | elapsed: 130950s
    ... ~5.5% done | elapsed: 130980s
    ... ~5.5% done | elapsed: 131010s
    ... ~5.5% done | elapsed: 131040s
    ... ~5.5% done | elapsed: 131070s
    ... ~5.5% done | elapsed: 131100s
    ... ~5.5% done | elapsed: 131130s
    ... ~5.5% done | elapsed: 131160s
    ... ~5.5% done | elapsed: 131190s
    ... ~5.5% done | elapsed: 131220s
    ... ~5.5% done | elapsed: 131250s
    ... ~5.5% done | elapsed: 131280s
    ... ~5.5% done | elapsed: 131310s
    ... ~5.5% done | elapsed: 131340s
    ... ~5.5% done | elapsed: 131370s
    ... ~5.5% done | elapsed: 131400s
    ... ~5.5% done | elapsed: 131430s
    ... ~5.5% done | elapsed: 131460s
    ... ~5.5% done | elapsed: 131490s
    ... ~5.5% done | elapsed: 131520s
    ... ~5.5% done | elapsed: 131550s
    ... ~5.5% done | elapsed: 131580s
    ... ~5.5% done | elapsed: 131610s
    ... ~5.5% done | elapsed: 131640s
    ... ~5.5% done | elapsed: 131670s
    ... ~5.5% done | elapsed: 131700s
    ... ~5.5% done | elapsed: 131730s
    ... ~5.5% done | elapsed: 131760s
    ... ~5.5% done | elapsed: 131790s
    ... ~5.5% done | elapsed: 131820s
    ... ~5.5% done | elapsed: 131850s
    ... ~5.5% done | elapsed: 131880s
    ... ~5.5% done | elapsed: 131910s
    ... ~5.5% done | elapsed: 131940s
    ... ~5.5% done | elapsed: 131970s
    ... ~5.5% done | elapsed: 132000s
    ... ~5.5% done | elapsed: 132030s
    ... ~5.5% done | elapsed: 132060s
    ... ~5.5% done | elapsed: 132090s
    ... ~5.5% done | elapsed: 132120s
    ... ~5.5% done | elapsed: 132150s
    ... ~5.5% done | elapsed: 132180s
    ... ~5.5% done | elapsed: 132210s
    ... ~5.5% done | elapsed: 132240s
    ... ~5.5% done | elapsed: 132270s
    ... ~5.5% done | elapsed: 132300s
    ... ~5.5% done | elapsed: 132330s
    ... ~5.5% done | elapsed: 132360s
    ... ~5.5% done | elapsed: 132390s
    ... ~5.5% done | elapsed: 132420s
    ... ~5.5% done | elapsed: 132450s
    ... ~5.5% done | elapsed: 132480s
    ... ~5.5% done | elapsed: 132510s
    ... ~5.5% done | elapsed: 132540s
    ... ~5.5% done | elapsed: 132570s
    ... ~5.5% done | elapsed: 132600s
    ... ~5.5% done | elapsed: 132630s
    ... ~5.5% done | elapsed: 132660s
    ... ~5.5% done | elapsed: 132690s
    ... ~5.5% done | elapsed: 132720s
    ... ~5.5% done | elapsed: 132750s
    ... ~5.5% done | elapsed: 132780s
    ... ~5.5% done | elapsed: 132810s
    ... ~5.5% done | elapsed: 132840s
    ... ~5.5% done | elapsed: 132870s
    ... ~5.5% done | elapsed: 132900s
    ... ~5.5% done | elapsed: 132930s
    ... ~5.5% done | elapsed: 132960s
    ... ~5.5% done | elapsed: 132990s
    ... ~5.5% done | elapsed: 133020s
    ... ~5.5% done | elapsed: 133050s
    ... ~5.5% done | elapsed: 133080s
    ... ~5.5% done | elapsed: 133110s
    ... ~5.5% done | elapsed: 133140s
    ... ~5.5% done | elapsed: 133170s
    ... ~5.5% done | elapsed: 133200s
    ... ~5.5% done | elapsed: 133230s
    ... ~5.5% done | elapsed: 133260s
    ... ~5.5% done | elapsed: 133290s
    ... ~5.5% done | elapsed: 133320s
    ... ~5.6% done | elapsed: 133350s
    ... ~5.6% done | elapsed: 133380s
    ... ~5.6% done | elapsed: 133410s
    ... ~5.6% done | elapsed: 133440s
    ... ~5.6% done | elapsed: 133470s
    ... ~5.6% done | elapsed: 133500s
    ... ~5.6% done | elapsed: 133530s
    ... ~5.6% done | elapsed: 133560s
    ... ~5.6% done | elapsed: 133590s
    ... ~5.6% done | elapsed: 133620s
    ... ~5.6% done | elapsed: 133650s
    ... ~5.6% done | elapsed: 133680s
    ... ~5.6% done | elapsed: 133710s
    ... ~5.6% done | elapsed: 133740s
    ... ~5.6% done | elapsed: 133770s
    ... ~5.6% done | elapsed: 133800s
    ... ~5.6% done | elapsed: 133830s
    ... ~5.6% done | elapsed: 133860s
    ... ~5.6% done | elapsed: 133890s
    ... ~5.6% done | elapsed: 133920s
    ... ~5.6% done | elapsed: 133950s
    ... ~5.6% done | elapsed: 133980s
    ... ~5.6% done | elapsed: 134010s
    ... ~5.6% done | elapsed: 134040s
    ... ~5.6% done | elapsed: 134070s
    ... ~5.6% done | elapsed: 134100s
    ... ~5.6% done | elapsed: 134130s
    ... ~5.6% done | elapsed: 134160s
    ... ~5.6% done | elapsed: 134190s
    ... ~5.6% done | elapsed: 134220s
    ... ~5.6% done | elapsed: 134250s
    ... ~5.6% done | elapsed: 134280s
    ... ~5.6% done | elapsed: 134310s
    ... ~5.6% done | elapsed: 134340s
    ... ~5.6% done | elapsed: 134370s
    ... ~5.6% done | elapsed: 134400s
    ... ~5.6% done | elapsed: 134430s
    ... ~5.6% done | elapsed: 134460s
    ... ~5.6% done | elapsed: 134490s
    ... ~5.6% done | elapsed: 134520s
    ... ~5.6% done | elapsed: 134550s
    ... ~5.6% done | elapsed: 134580s
    ... ~5.6% done | elapsed: 134610s
    ... ~5.6% done | elapsed: 134640s
    ... ~5.6% done | elapsed: 134670s
    ... ~5.6% done | elapsed: 134700s
    ... ~5.6% done | elapsed: 134730s
    ... ~5.6% done | elapsed: 134760s
    ... ~5.6% done | elapsed: 134790s
    ... ~5.6% done | elapsed: 134820s
    ... ~5.6% done | elapsed: 134850s
    ... ~5.6% done | elapsed: 134880s
    ... ~5.6% done | elapsed: 134910s
    ... ~5.6% done | elapsed: 134940s
    ... ~5.6% done | elapsed: 134970s
    ... ~5.6% done | elapsed: 135000s
    ... ~5.6% done | elapsed: 135030s
    ... ~5.6% done | elapsed: 135060s
    ... ~5.6% done | elapsed: 135090s
    ... ~5.6% done | elapsed: 135120s
    ... ~5.6% done | elapsed: 135150s
    ... ~5.6% done | elapsed: 135180s
    ... ~5.6% done | elapsed: 135210s
    ... ~5.6% done | elapsed: 135240s
    ... ~5.6% done | elapsed: 135270s
    ... ~5.6% done | elapsed: 135300s
    ... ~5.6% done | elapsed: 135330s
    ... ~5.6% done | elapsed: 135360s
    ... ~5.6% done | elapsed: 135390s
    ... ~5.6% done | elapsed: 135420s
    ... ~5.6% done | elapsed: 135450s
    ... ~5.6% done | elapsed: 135480s
    ... ~5.6% done | elapsed: 135510s
    ... ~5.6% done | elapsed: 135540s
    ... ~5.6% done | elapsed: 135570s
    ... ~5.6% done | elapsed: 135600s
    ... ~5.6% done | elapsed: 135630s
    ... ~5.6% done | elapsed: 135660s
    ... ~5.6% done | elapsed: 135690s
    ... ~5.6% done | elapsed: 135720s
    ... ~5.7% done | elapsed: 135750s
    ... ~5.7% done | elapsed: 135780s
    ... ~5.7% done | elapsed: 135810s
    ... ~5.7% done | elapsed: 135840s
    ... ~5.7% done | elapsed: 135870s
    ... ~5.7% done | elapsed: 135900s
    ... ~5.7% done | elapsed: 135930s
    ... ~5.7% done | elapsed: 135960s
    ... ~5.7% done | elapsed: 135990s
    ... ~5.7% done | elapsed: 136020s
    ... ~5.7% done | elapsed: 136050s
    ... ~5.7% done | elapsed: 136080s
    ... ~5.7% done | elapsed: 136110s
    ... ~5.7% done | elapsed: 136140s
    ... ~5.7% done | elapsed: 136170s
    ... ~5.7% done | elapsed: 136200s
    ... ~5.7% done | elapsed: 136230s
    ... ~5.7% done | elapsed: 136260s
    ... ~5.7% done | elapsed: 136290s
    ... ~5.7% done | elapsed: 136320s
    ... ~5.7% done | elapsed: 136350s
    ... ~5.7% done | elapsed: 136380s
    ... ~5.7% done | elapsed: 136410s
    ... ~5.7% done | elapsed: 136440s
    ... ~5.7% done | elapsed: 136470s
    ... ~5.7% done | elapsed: 136500s
    ... ~5.7% done | elapsed: 136530s
    ... ~5.7% done | elapsed: 136560s
    ... ~5.7% done | elapsed: 136590s
    ... ~5.7% done | elapsed: 136620s
    ... ~5.7% done | elapsed: 136650s
    ... ~5.7% done | elapsed: 136680s
    ... ~5.7% done | elapsed: 136710s
    ... ~5.7% done | elapsed: 136740s
    ... ~5.7% done | elapsed: 136770s
    ... ~5.7% done | elapsed: 136800s
    ... ~5.7% done | elapsed: 136830s
    ... ~5.7% done | elapsed: 136860s
    ... ~5.7% done | elapsed: 136890s
    ... ~5.7% done | elapsed: 136920s
    ... ~5.7% done | elapsed: 136950s
    ... ~5.7% done | elapsed: 136980s
    ... ~5.7% done | elapsed: 137010s
    ... ~5.7% done | elapsed: 137040s
    ... ~5.7% done | elapsed: 137070s
    ... ~5.7% done | elapsed: 137100s
    ... ~5.7% done | elapsed: 137130s
    ... ~5.7% done | elapsed: 137160s
    ... ~5.7% done | elapsed: 137190s
    ... ~5.7% done | elapsed: 137220s
    ... ~5.7% done | elapsed: 137250s
    ... ~5.7% done | elapsed: 137280s
    ... ~5.7% done | elapsed: 137310s
    ... ~5.7% done | elapsed: 137340s
    ... ~5.7% done | elapsed: 137370s
    ... ~5.7% done | elapsed: 137400s
    ... ~5.7% done | elapsed: 137430s
    ... ~5.7% done | elapsed: 137460s
    ... ~5.7% done | elapsed: 137490s
    ... ~5.7% done | elapsed: 137520s
    ... ~5.7% done | elapsed: 137550s
    ... ~5.7% done | elapsed: 137580s
    ... ~5.7% done | elapsed: 137610s
    ... ~5.7% done | elapsed: 137640s
    ... ~5.7% done | elapsed: 137670s
    ... ~5.7% done | elapsed: 137700s
    ... ~5.7% done | elapsed: 137730s
    ... ~5.7% done | elapsed: 137760s
    ... ~5.7% done | elapsed: 137790s
    ... ~5.7% done | elapsed: 137820s
    ... ~5.7% done | elapsed: 137850s
    ... ~5.7% done | elapsed: 137880s
    ... ~5.7% done | elapsed: 137910s
    ... ~5.7% done | elapsed: 137940s
    ... ~5.7% done | elapsed: 137970s
    ... ~5.7% done | elapsed: 138000s
    ... ~5.7% done | elapsed: 138030s
    ... ~5.7% done | elapsed: 138060s
    ... ~5.7% done | elapsed: 138090s
    ... ~5.7% done | elapsed: 138120s
    ... ~5.8% done | elapsed: 138150s
    ... ~5.8% done | elapsed: 138180s
    ... ~5.8% done | elapsed: 138210s
    ... ~5.8% done | elapsed: 138240s
    ... ~5.8% done | elapsed: 138270s
    ... ~5.8% done | elapsed: 138300s
    ... ~5.8% done | elapsed: 138330s
    ... ~5.8% done | elapsed: 138360s
    ... ~5.8% done | elapsed: 138390s
    ... ~5.8% done | elapsed: 138420s
    ... ~5.8% done | elapsed: 138450s
    ... ~5.8% done | elapsed: 138480s
    ... ~5.8% done | elapsed: 138510s
    ... ~5.8% done | elapsed: 138540s
    ... ~5.8% done | elapsed: 138570s
    ... ~5.8% done | elapsed: 138600s
    ... ~5.8% done | elapsed: 138630s
    ... ~5.8% done | elapsed: 138660s
    ... ~5.8% done | elapsed: 138690s
    ... ~5.8% done | elapsed: 138720s
    ... ~5.8% done | elapsed: 138750s
    ... ~5.8% done | elapsed: 138780s
    ... ~5.8% done | elapsed: 138810s
    ... ~5.8% done | elapsed: 138840s
    ... ~5.8% done | elapsed: 138870s
    ... ~5.8% done | elapsed: 138900s
    ... ~5.8% done | elapsed: 138930s
    ... ~5.8% done | elapsed: 138960s
    ... ~5.8% done | elapsed: 138990s
    ... ~5.8% done | elapsed: 139020s
    ... ~5.8% done | elapsed: 139050s
    ... ~5.8% done | elapsed: 139080s
    ... ~5.8% done | elapsed: 139110s
    ... ~5.8% done | elapsed: 139140s
    ... ~5.8% done | elapsed: 139170s
